Code	Scientific	Common	Reverse
10	'Struthio camelus'	'African ostrich'	'Struthio camelus'
20	'Gavia stellata'	'Red-throated loon'	'Gavia stellata'
21	'Gavia stellata stellata'	'Red-throated loon'	'Gavia stellata'
22	'Gavia stellata squamata'	'Red-throated loon'	'Gavia stellata'
30	'Gavia arctica'	'Arctic loon'	'Gavia arctica'
31	'Gavia arctica arctica'	'NA'	'Gavia arctica arctica'
32	'Gavia arctica viridigularis'	'オオハム'	'Gavia arctica viridigularis'
33	'Gavia arctica pacifica'	'NA'	'Gavia arctica pacifica'
40	'Gavia immer'	'Common loon'	'Gavia immer'
50	'Gavia adamsii'	'Yellow-billed loon'	'Gavia adamsii'
59	'Gavia sp.'	'Fluttering Shearwater'	'Gavia'
60	'Podilymbus podiceps'	'Pied-billed grebe'	'Podilymbus podiceps'
70	'Tachybaptus ruficollis'	'LIttle grebe'	'Tachybaptus ruficollis'
80	'Tachybaptus dominicus'	'Least Grebe'	'Tachybaptus dominicus'
90	'Podiceps cristatus'	'Great crested grebe'	'Podiceps cristatus'
100	'Podiceps grisegena'	'Red-necked grebe'	'Podiceps grisegena'
110	'Podiceps auritus'	'Horned grebe'	'Podiceps auritus'
120	'Podiceps nigricollis'	'Black-necked grebe'	'Podiceps nigricollis'
129	'Podiceps sp.'	'カンムリカイツブリ属'	'Podiceps'
130	'Aechmophorus occidentalis'	'Western Grebe'	'Aechmophorus occidentalis'
140	'Diomedea melanophris'	'NA'	'Diomedea melanophris'
150	'Diomedea chlororhynchos'	'NA'	'Diomedea chlororhynchos'
160	'Diomedea cauta'	'Albatros à cape blanche'	'Diomedea cauta'
170	'Diomedea nigripes'	'NA'	'Diomedea nigripes'
180	'Diomedea immutabilis'	'NA'	'Diomedea immutabilis'
190	'Diomedea albatrus'	'NA'	'Diomedea albatrus'
200	'Diomedea exulans'	'Wandering Albatross'	'Diomedea exulans'
210	'Macronectes giganteus'	'Southern Giant-Petrel'	'Macronectes giganteus'
220	'Fulmarus glacialis'	'Northern fullmar'	'Fulmarus glacialis'
221	'Fulmarus glacialis glacialis'	'NA'	'Fulmarus glacialis glacialis'
230	'Daption capense'	'Cape Petrel'	'Daption capense'
240	'Pterodroma arminjoniana'	'Trindade Petrel'	'Pterodroma arminjoniana'
250	'Pterodroma neglecta'	'Kermadec Petrel'	'Pterodroma neglecta'
260	'Pterodroma mollis/feae/madeira'	'Soft-plumaged Petrel'	'Pterodroma mollis'
261	'Pterodroma mollis'	'Soft-plumaged Petrel'	'Pterodroma mollis'
262	'Pterodroma feae'	'Fea\'s Petrel'	'Pterodroma feae'
263	'Pterodroma madeira'	'Zino\'s Petrel'	'Pterodroma madeira'
270	'Pterodroma inexpectata'	'Mottled Petrel'	'Pterodroma inexpectata'
280	'Pterodroma solandri'	'Providence Petrel'	'Pterodroma solandri'
290	'Pterodroma hasitata'	'Black-capped Petrel'	'Pterodroma hasitata'
300	'Pterodroma hypoleuca'	'Bonin Petrel'	'Pterodroma hypoleuca'
310	'Pterodroma cookii'	'Cook\'s Petrel'	'Pterodroma cookii'
320	'Pterodroma longirostris'	'Stejneger\'s Petrel'	'Pterodroma longirostris'
330	'Pterodroma leucoptera'	'Gould\'s Petrel'	'Pterodroma leucoptera'
340	'Bulweria bulwerii'	'Bulwer\'s petrel'	'Bulweria bulwerii'
350	'Bulweria fallax'	'Jouanin\'s Petrel'	'Bulweria fallax'
360	'Calonectris diomedea'	'Cory\'s Shearwater'	'Calonectris diomedea'
362	'Calonectris edwardsii'	'Cape Verde Shearwater'	'Calonectris edwardsii'
370	'Calonectris leucomelas'	'Streaked Shearwater'	'Calonectris leucomelas'
380	'Puffinus carneipes'	'Flesh-footed shearwater'	'Puffinus carneipes'
390	'Puffinus creatopus'	'Pink-footed shearwater'	'Puffinus creatopus'
400	'Puffinus gravis'	'Greater shearwater'	'Puffinus gravis'
410	'Puffinus pacificus'	'Wedge-tailed shearwater'	'Puffinus pacificus'
420	'Puffinus bulleri'	'Buller\'s shearwater'	'Puffinus bulleri'
430	'Puffinus griseus'	'Sooty shearwater'	'Puffinus griseus'
440	'Puffinus tenuirostris'	'Short-tailed shearwater'	'Puffinus tenuirostris'
450	'Puffinus nativitatis'	'Christmas Shearwater'	'Puffinus nativitatis'
460	'Puffinus puffinus'	'Manx shearwater'	'Puffinus puffinus'
461	'Puffinus puffinus puffinus'	'NA'	'Puffinus puffinus puffinus'
462	'Puffinus puffinus yelkouan'	'NA'	'Puffinus puffinus yelkouan'
463	'Puffinus puffinus mauretanicus'	'NA'	'Puffinus puffinus mauretanicus'
470	'Puffinus auricularis'	'Townsend\'s Shearwater'	'Puffinus auricularis'
480	'Puffinus assimilis'	'Little Shearwater'	'Puffinus assimilis'
481	'Puffinus assimilis assimilis'	'NA'	'Puffinus assimilis assimilis'
482	'Puffinus assimilis baroli'	'NA'	'Puffinus assimilis baroli'
483	'Puffinus assimilis boydi'	'NA'	'Puffinus assimilis boydi'
484	'Puffinus assimilis persicus'	'Little Shearwater'	'Puffinus assimilis'
485	'Puffinus assimilis bannermani'	'Little Shearwater'	'Puffinus assimilis'
490	'Puffinus lherminieri'	'Audubon\'s Shearwater'	'Puffinus lherminieri'
499	'Puffinus sp.'	'Manx shearwater'	'Puffinus'
500	'Oceanites oceanicus'	'Wilson\'s storm petrel'	'Oceanites oceanicus'
510	'Pelagodroma marina'	'White-faced storm petrel'	'Pelagodroma marina'
520	'Hydrobates pelagicus'	'European storm petrel'	'Hydrobates pelagicus'
521	'Hydrobates pelagicus pelagicus'	'European storm petrel'	'Hydrobates pelagicus'
522	'Hydrobates pelagicus melitensis'	'NA'	'Hydrobates pelagicus melitensis'
530	'Halocyptena microsoma'	'NA'	'Halocyptena microsoma'
540	'Oceanodroma furcata'	'Fork-tailed storm petrel'	'Oceanodroma furcata'
550	'Oceanodroma leucorhoa'	'Leach\'s Storm Petrel'	'Oceanodroma leucorhoa'
560	'Oceanodroma monorhis'	'Swinhoe\'s Storm Petrel'	'Oceanodroma monorhis'
570	'Oceanodroma homochroa'	'Ashy Storm-Petrel'	'Oceanodroma homochroa'
580	'Oceanodroma castro'	'Paiño rabifajeado'	'Oceanodroma castro'
581	'Oceanodroma monteiroi'	'Monteiro\'s Storm Petrel'	'Oceanodroma monteiroi'
590	'Oceanodroma tethys'	'Paiño danzarín'	'Oceanodroma tethys'
600	'Oceanodroma melania'	'Black Storm-Petrel'	'Oceanodroma melania'
610	'Oceanodroma matsudairae'	'Matsudaira\'s Storm Petrel'	'Oceanodroma matsudairae'
620	'Oceanodroma macrodactyla'	'Guadalupe Storm Petrel'	'Oceanodroma macrodactyla'
630	'Oceanodroma tristrami'	'Tristram\'s Storm Petrel'	'Oceanodroma tristrami'
639	'Oceanodroma sp.'	'Paiño danzarín'	'Oceanodroma'
640	'Phaethon aethereus'	'Red-billed Tropicbird'	'Phaethon aethereus'
650	'Phaethon rubricauda'	'Red-tailed Tropicbird'	'Phaethon rubricauda'
660	'Phaethon lepturus'	'White-tailed Tropicbird'	'Phaethon lepturus'
670	'Sula sula'	'Red-footed Booby'	'Sula sula'
680	'Sula dactylatra'	'Piquero blanco'	'Sula dactylatra'
690	'Sula nebouxii'	'Blue-footed Booby'	'Sula nebouxii'
700	'Sula leucogaster'	'Anseri bassano affinis fusca avis'	'Sula leucogaster'
710	'Sula bassana'	'Northern gannett'	'Sula bassana'
712	'Sula bassana capensis'	'Northern gannett'	'Sula bassana'
720	'Phalacrocorax carbo'	'Great Cormorant'	'Phalacrocorax carbo'
721	'Phalacrocorax carbo carbo'	'Corvo-marinho'	'Phalacrocorax carbo carbo'
722	'Phalacrocorax carbo sinensis'	'NA'	'Phalacrocorax carbo sinensis'
730	'Phalacrocorax capillatus'	'Japanese Cormorant'	'Phalacrocorax capillatus'
740	'Phalacrocorax perspicillatus'	'Pallas\'s Cormorant'	'Phalacrocorax perspicillatus'
750	'Phalacrocorax pelagicus'	'Pelagic Cormorant'	'Phalacrocorax pelagicus'
760	'Phalacrocorax urile'	'Red-faced Cormorant'	'Phalacrocorax urile'
770	'Phalacrocorax penicillatus'	'Brandt\'s cormorant'	'Phalacrocorax penicillatus'
780	'Phalacrocorax auritus'	'Double-crested cormorant'	'Phalacrocorax auritus'
790	'Phalacrocorax olivaceus'	'NA'	'Phalacrocorax olivaceus'
800	'Phalacrocorax aristotelis'	'European shag'	'Phalacrocorax aristotelis'
801	'Phalacrocorax aristotelis aristotelis'	'NA'	'Phalacrocorax aristotelis aristotelis'
802	'Phalacrocorax aristotelis desmarestii'	'NA'	'Phalacrocorax aristotelis desmarestii'
810	'Phalacrocorax nigrogularis'	'Socotra'	'Phalacrocorax nigrogularis'
820	'Phalacrocorax pygmeus'	'NA'	'Phalacrocorax pygmeus'
830	'Phalacrocorax africanus'	'Cormoran africain'	'Phalacrocorax africanus'
840	'Phalacrocorax niger'	'NA'	'Phalacrocorax niger'
849	'Phalacrocorax sp.'	'ウ属'	'Phalacrocorax'
850	'Anhinga anhinga'	'Anhinga'	'Anhinga anhinga'
860	'Anhinga melanogaster'	'Oriental Darter'	'Anhinga melanogaster'
870	'Pelecanus erythrorhynchos'	'American white pelican'	'Pelecanus erythrorhynchos'
880	'Pelecanus onocrotalus'	'Great White Pelican'	'Pelecanus onocrotalus'
890	'Pelecanus crispus'	'Dalmatian pelican'	'Pelecanus crispus'
900	'Pelecanus rufescens'	'Pink-backed Pelican'	'Pelecanus rufescens'
910	'Pelecanus occidentalis'	'Brown Pelican'	'Pelecanus occidentalis'
919	'Pelecanus sp.'	'Atotolin'	'Pelecanus'
920	'Fregata minor'	'Great Frigatebird'	'Fregata minor'
930	'Fregata magnificens'	'Magnificent Frigatebird'	'Fregata magnificens'
940	'Fregata ariel'	'Lesser Frigatebird'	'Fregata ariel'
950	'Botaurus stellaris'	'Bittern'	'Botaurus stellaris'
960	'Botaurus lentiginosus'	'American bittern'	'Botaurus lentiginosus'
970	'Ixobrychus exilis'	'Least Bittern'	'Ixobrychus exilis'
980	'Ixobrychus minutus'	'Little bittern'	'Ixobrychus minutus'
990	'Ixobrychus sinensis'	'Yellow Bittern'	'Ixobrychus sinensis'
1000	'Ixobrychus eurhythmus'	'Von Schrenck\'s Bittern'	'Ixobrychus eurhythmus'
1010	'Ixobrychus cinnamomeus'	'Chestnut bittern'	'Ixobrychus cinnamomeus'
1020	'Ardeirallus sturmii'	'NA'	'Ardeirallus sturmii'
1030	'Gorsachius goisagi'	'Japanese Night Heron'	'Gorsachius goisagi'
1040	'Nycticorax nycticorax'	'Black-crowned night heron'	'Nycticorax nycticorax'
1050	'Nycticorax caledonicus'	'Bittern'	'Nycticorax caledonicus'
1060	'Nycticorax violaceus'	'NA'	'Nycticorax violaceus'
1070	'Butorides striatus'	'Striated heron'	'Butorides striatus'
1080	'Ardeola ralloides'	'Squacco heron'	'Ardeola ralloides'
1090	'Ardeola grayii'	'Indian Pond-Heron'	'Ardeola grayii'
1100	'Ardeola bacchus'	'Chinese Pond-Heron'	'Ardeola bacchus'
1110	'Bubulcus ibis'	'Western cattle egret'	'Bubulcus ibis'
1120	'Hydranassa caerulea'	'NA'	'Hydranassa caerulea'
1130	'Hydranassa tricolor'	'NA'	'Hydranassa tricolor'
1140	'Hydranassa rufescens'	'NA'	'Hydranassa'
1150	'Egretta thula'	'Snowy egret'	'Egretta thula'
1160	'Egretta eulophotes'	'Chinese Egret'	'Egretta eulophotes'
1170	'Egretta sacra'	'Pacific reef egret'	'Egretta sacra'
1180	'Egretta gularis'	'Western Reef-Heron'	'Egretta gularis'
1181	'Egretta gularis gularis'	'NA'	'Egretta gularis gularis'
1182	'Egretta gularis schistacea'	'NA'	'Egretta gularis schistacea'
1190	'Egretta garzetta'	'Little egret'	'Egretta garzetta'
1200	'Egretta intermedia'	'NA'	'Egretta intermedia'
1210	'Egretta alba'	'NA'	'Egretta alba'
1219	'Egretta sp.'	'Chinese Egret'	'Egretta'
1220	'Ardea cinerea'	'common heron'	'Ardea cinerea'
1230	'Ardea herodias'	'Great blue heron'	'Ardea herodias'
1240	'Ardea purpurea'	'Purple heron'	'Ardea purpurea'
1250	'Ardea goliath'	'Goliath Heron'	'Ardea goliath'
1259	'Ardea sp.'	'アオサギ属'	'Ardea'
1260	'Scopus umbretta'	'Hamerkop'	'Scopus umbretta'
1270	'Mycteria americana'	'Wood Pelican'	'Mycteria americana'
1280	'Mycteria leucocephala'	'Painted Stork'	'Mycteria leucocephala'
1290	'Mycteria ibis'	'Yellow-billed Stork'	'Mycteria ibis'
1300	'Anastomus oscitans'	'Asian Openbill'	'Anastomus oscitans'
1310	'Ciconia nigra'	'Black stork'	'Ciconia nigra'
1320	'Ciconia abdimii'	'Abdim\'s Stork'	'Ciconia abdimii'
1330	'Ciconia episcopus'	'Woolly-necked Stork'	'Ciconia episcopus'
1340	'Ciconia ciconia'	'White Stork'	'Ciconia ciconia'
1349	'Ciconia sp.'	'White Stork'	'Ciconia'
1350	'Leptoptilos crumeniferus'	'marabou'	'Leptoptilos crumeniferus'
1360	'Plegadis falcinellus'	'Glossy Ibis'	'Plegadis falcinellus'
1370	'Plegadis chihi'	'White-faced Ibis'	'Plegadis chihi'
1380	'Eudocimus albus'	'White Ibis'	'Eudocimus albus'
1390	'Eudocimus ruber'	'Red Curlew'	'Eudocimus ruber'
1400	'Geronticus eremita'	'Bald Ibis'	'Geronticus eremita'
1410	'Nipponia nippon'	'Crested Ibis'	'Nipponia nippon'
1420	'Threskiornis aethiopicus'	'Sacred ibis'	'Threskiornis aethiopicus'
1430	'Threskiornis melanocephalus'	'Black-headed Ibis'	'Threskiornis melanocephalus'
1440	'Platalea leucorodia'	'Eurasian spoonbill'	'Platalea leucorodia'
1450	'Platalea minor'	'Black-faced Spoonbill'	'Platalea minor'
1460	'Platalea ajaja'	'Roseate Spoonbill'	'Platalea ajaja'
1470	'Phoenicopterus ruber'	'American Flamingo'	'Phoenicopterus ruber'
1471	'Phoenicopterus ruber ruber'	'Caribbean Flamingo'	'Phoenicopterus ruber ruber'
1472	'Phoenicopterus ruber roseus'	'NA'	'Phoenicopterus ruber roseus'
1480	'Phoenicopterus minor'	'NA'	'Phoenicopterus minor'
1490	'Dendrocygna bicolor'	'Fulvous Whistling-Duck'	'Dendrocygna bicolor'
1500	'Dendrocygna arborea'	'West Indian Whistling-Duck'	'Dendrocygna arborea'
1510	'Dendrocygna autumnalis'	'Black-bellied Whistling-Duck'	'Dendrocygna autumnalis'
1520	'Cygnus olor'	'Mute Swan'	'Cygnus olor'
1530	'Cygnus columbianus'	'Bewick\'s Swan'	'Cygnus columbianus'
1531	'Cygnus columbianus columbianus'	'アメリカコハクチョウ'	'Cygnus columbianus columbianus'
1532	'Cygnus columbianus bewickii'	'Bewick\'s swan'	'Cygnus columbianus bewickii'
1540	'Cygnus cygnus'	'Whooper Swan'	'Cygnus cygnus'
1550	'Cygnus buccinator'	'Trumpeter Swan'	'Cygnus buccinator'
1559	'Cygnus sp.'	'Whooper Swan'	'Cygnus'
1560	'Anser cygnoides'	'Swan Goose'	'Anser cygnoides'
1570	'Anser fabalis'	'Taiga bean goose'	'Anser fabalis'
1571	'Anser fabalis fabalis'	'Taiga Bean Goose'	'Anser fabalis fabalis'
1572	'Anser fabalis jonanseni'	'NA'	'Anser fabalis johanseni'
1573	'Anser fabalis neglecticus'	'Taiga bean goose'	'Anser fabalis'
1574	'Anser fabalis rossicus'	'NA'	'Anser fabalis rossicus'
1580	'Anser brachyrhynchus'	'Pink-footed goose'	'Anser brachyrhynchus'
1590	'Anser albifrons'	'Greater White-fronted Goose'	'Anser albifrons'
1591	'Anser albifrons albifrons'	'Eurasian White-fronted Goose'	'Anser albifrons albifrons'
1592	'Anser albifrons flavirostris'	'Greenland White-fronted Goose'	'Anser albifrons flavirostris'
1600	'Anser erythropus'	'Lesser white-fronted goose'	'Anser erythropus'
1610	'Anser anser'	'Greylag Goose'	'Anser anser'
1611	'Anser anser anser'	'Western Greylag Goose'	'Anser anser anser'
1612	'Anser anser rubrirostris'	'Eastern Graylag Goose'	'Anser anser rubrirostris'
1613	'Anser anser domestica'	'NA'	'Anser anser domesticus'
1620	'Anser indicus'	'Bar-headed goose'	'Anser indicus'
1630	'Anser caerulescens'	'Snow Goose'	'Anser caerulescens'
1631	'Anser caerulescens caerulescens'	'NA'	'Anser caerulescens caerulescens'
1632	'Anser caerulescens atlanticus'	'NA'	'Anser caerulescens atlanticus'
1640	'Anser rossii'	'Ross\'s Goose'	'Anser rossii'
1650	'Anser canagicus'	'Emperor Goose'	'Anser canagicus'
1659	'Anser spp.'	'Greylag Goose'	'Anser'
1660	'Branta canadensis'	'Canada goose'	'Branta canadensis'
1661	'Branta canadensis canadensis'	'NA'	'Branta canadensis canadensis'
1662	'Branta canadensis occidentalis'	'NA'	'Branta canadensis occidentalis'
1663	'Branta canadensis parvipes'	'NA'	'Branta canadensis parvipes'
1664	'Branta canadensis hutchinsii'	'NA'	'Branta canadensis hutchinsi'
1665	'Branta canadensis asiatica'	'NA'	'Branta canadensis asiatica'
1670	'Branta leucopsis'	'Barnacle Goose'	'Branta leucopsis'
1680	'Branta bernicla'	'Atlantic Brant'	'Branta bernicla'
1681	'Branta bernicla bernicla'	'Dark-bellied Brent Goose'	'Branta bernicla bernicla'
1682	'Branta bernicla hrota'	'Atlantic Brant'	'Branta bernicla hrota'
1683	'Branta bernicla nigricans'	'NA'	'Branta bernicla nigricans'
1690	'Branta ruficollis'	'Red-breasted goose'	'Branta ruficollis'
1699	'Branta sp.'	'コクガン属'	'Branta'
1700	'Alopochen aegyptiacus'	'NA'	'Alopochen aegyptiacus'
1710	'Tadorna ferruginea'	'Ruddy shelduck'	'Tadorna ferruginea'
1720	'Tadorna cristata'	'Crested Shelduck'	'Tadorna cristata'
1730	'Tadorna tadorna'	'Burrough Duck'	'Tadorna tadorna'
1740	'Plectropterus gambensis'	'Spur-winged goose'	'Plectropterus gambensis'
1750	'Cairina moschata'	'Muscovy duck'	'Cairina moschata'
1760	'Nettapus coromandelianus'	'Cotton Pygmy-goose'	'Nettapus coromandelianus'
1770	'Aix sponsa'	'Anas americanus cristatus elegans'	'Aix sponsa'
1780	'Aix galericulata'	'Mandarin Duck'	'Aix galericulata'
1790	'Anas penelope'	'Eurasian Wigeon'	'Anas penelope'
1800	'Anas americana'	'American Wigeon'	'Anas americana'
1810	'Anas falcata'	'Anatra falcata'	'Anas falcata'
1820	'Anas strepera'	'Gadwall'	'Anas strepera'
1830	'Anas formosa'	'Baikal teal'	'Anas formosa'
1840	'Anas crecca'	'Common Teal'	'Anas crecca'
1841	'Anas crecca crecca'	'NA'	'Anas crecca crecca'
1842	'Anas crecca carolinensis'	'NA'	'Anas crecca carolinensis'
1843	'Anas crecca nimia'	'NA'	'Anas crecca nimia'
1850	'Anas capensis'	'Cape Teal'	'Anas capensis'
1860	'Anas platyrhynchos'	'Mallard'	'Anas platyrhynchos'
1861	'Anas platyrhynchos platyrhynchos'	'マガモ'	'Anas platyrhynchos platyrhynchos'
1862	'Anas platyrhynchos conboschas'	'NA'	'Anas platyrhynchos conboschas'
1863	'Anas platyrhynchos domestica'	'NA'	'Anas platyrhynchos domesticus'
1870	'Anas rubripes'	'American black duck'	'Anas rubripes'
1880	'Anas poecilorhyncha'	'Indian Spot-billed Duck'	'Anas poecilorhyncha'
1890	'Anas acuta'	'Northern Pintail'	'Anas acuta'
1900	'Anas bahamensis'	'White-cheeked Pintail'	'Anas bahamensis'
1910	'Anas querquedula'	'Garganey'	'Anas querquedula'
1920	'Anas discors'	'Blue-winged teal'	'Anas discors'
1930	'Anas cyanoptera'	'cinnamon teal'	'Anas cyanoptera'
1940	'Anas clypeata'	'northern shoveler'	'Anas clypeata'
1949	'Anas sp.'	'マガモ属'	'Anas'
1950	'Marmaronetta angustirostris'	'Marbled Duck'	'Marmaronetta angustirostris'
1960	'Netta rufina'	'Red-crested pochard'	'Netta rufina'
1970	'Aythya valisineria'	'Canvasback'	'Aythya valisineria'
1980	'Aythya ferina'	'Common pochard'	'Aythya ferina'
1990	'Aythya americana'	'Redhead'	'Aythya americana'
2000	'Aythya collaris'	'Ring-necked duck'	'Aythya collaris'
2010	'Aythya baeri'	'Baer\'s Pochard'	'Aythya baeri'
2020	'Aythya nyroca'	'Ferruginous'	'Aythya nyroca'
2030	'Aythya fuligula'	'Tufted Duck'	'Aythya fuligula'
2040	'Aythya marila'	'Greater scaup'	'Aythya marila'
2050	'Aythya affinis'	'Lesser scaup'	'Aythya affinis'
2059	'Aythya sp.'	'Lesser scaup'	'Aythya'
2060	'Somateria mollissima'	'Common eider'	'Somateria mollissima'
2061	'Somateria mollissima mollissima'	'Common Eurasian Eider'	'Somateria mollissima mollissima'
2062	'Somateria mollissima faeroeensis'	'NA'	'Somateria mollissima faeroeensis'
2063	'Somateria mollissima borealis'	'NA'	'Somateria mollissima borealis'
2064	'Somateria mollissima nigrum'	'Common eider'	'Somateria mollissima'
2070	'Somateria spectabilis'	'King eider'	'Somateria spectabilis'
2080	'Somateria fischeri'	'Spectacled Eider'	'Somateria fischeri'
2089	'Somateria sp.'	'ケワタガモ属'	'Somateria'
2090	'Polysticta stelleri'	'Steller\'s eider'	'Polysticta stelleri'
2100	'Camptorhynchus labradorius'	'Labrador duck'	'Camptorhynchus labradorius'
2110	'Histrionicus histrionicus'	'Harlequin duck'	'Histrionicus histrionicus'
2120	'Clangula hyemalis'	'Long-tailed duck'	'Clangula hyemalis'
2130	'Melanitta nigra'	'Common scoter'	'Melanitta nigra'
2131	'Melanitta nigra nigra'	'NA'	'Melanitta nigra nigra'
2132	'Melanitta nigra americana'	'NA'	'Melanitta nigra americana'
2140	'Melanitta perspicillata'	'Surf scoter'	'Melanitta perspicillata'
2150	'Melanitta fusca'	'Velvet Scoter'	'Melanitta fusca'
2151	'Melanitta fusca fusca'	'NA'	'Melanitta fusca fusca'
2152	'Melanitta fusca deglandi'	'NA'	'Melanitta fusca deglandi'
2153	'Melanitta fusca stejnegeri'	'NA'	'Melanitta fusca stejnegeri'
2160	'Bucephala albeola'	'Anas minor purpureo capite'	'Bucephala albeola'
2170	'Bucephala islandica'	'Barrow\'s goldeneye'	'Bucephala islandica'
2180	'Bucephala clangula'	'Common goldeneye'	'Bucephala clangula'
2190	'Mergus cucullatus'	'NA'	'Mergus cucullatus'
2200	'Mergus albellus'	'NA'	'Mergus albellus'
2210	'Mergus serrator'	'Red-breasted merganser'	'Mergus serrator'
2220	'Mergus squamatus'	'Scaly-sided Merganser'	'Mergus squamatus'
2230	'Mergus merganser'	'Common merganser'	'Mergus merganser'
2239	'Mergus sp.'	'ウミアイサ属'	'Mergus'
2240	'Oxyura dominica'	'Pato enmascarado'	'Oxyura dominica'
2250	'Oxyura jamaicensis'	'Ruddy Duck'	'Oxyura jamaicensis'
2260	'Oxyura leucocephala'	'White-headed duck'	'Oxyura leucocephala'
2270	'Cathartes aura'	'Turkey Buzzard'	'Cathartes aura'
2280	'Coragyps atratus'	'Black Vulture'	'Coragyps atratus'
2290	'Gymnogyps californianus'	'California condor'	'Gymnogyps californianus'
2300	'Chondrohierax uncinatus'	'Hook-billed kite'	'Chondrohierax uncinatus'
2310	'Pernis apivorus'	'European honey buzzard'	'Pernis apivorus'
2320	'Pernis ptilorhyncus'	'Oriental honey-buzzard'	'Pernis ptilorhyncus'
2330	'Elanoides forficatus'	'Accipiter cauda furcata'	'Elanoides forficatus'
2340	'Elanus leucurus'	'White-tailed Kite'	'Elanus leucurus'
2350	'Elanus caeruleus'	'Black-shouldered kite'	'Elanus caeruleus'
2360	'Ictinia mississippiensis'	'Kentucky warbler'	'Ictinia mississippiensis'
2370	'Rostrhamus sociabilis'	'Snail Kite'	'Rostrhamus sociabilis'
2380	'Milvus migrans'	'Black Kite'	'Milvus migrans'
2390	'Milvus milvus'	'Black kite'	'Milvus milvus'
2399	'Milvus sp.'	'Black kite'	'Milvus'
2400	'Haliastur indus'	'Brahminy Kite'	'Haliastur indus'
2410	'Haliaeetus vocifer'	'African Fish-Eagle'	'Haliaeetus vocifer'
2420	'Haliaeetus leucoryphus'	'Pallas\'s Fish-Eagle'	'Haliaeetus leucoryphus'
2430	'Haliaeetus albicilla'	'White-tailed eagle'	'Haliaeetus albicilla'
2440	'Haliaeetus leucocephalus'	'Bald eagle'	'Haliaeetus leucocephalus'
2450	'Haliaeetus pelagicus'	'Steller\'s sea eagle'	'Haliaeetus pelagicus'
2460	'Gypaetus barbatus'	'Bearded vulture'	'Gypaetus barbatus'
2470	'Neophron percnopterus'	'Egyptian vulture'	'Neophron percnopterus'
2480	'Necrosyrtes monachus'	'Hooded vulture'	'Necrosyrtes monachus'
2490	'Gyps bengalensis'	'White-rumped vulture'	'Gyps bengalensis'
2500	'Gyps indicus'	'Indian Vulture'	'Gyps indicus'
2510	'Gyps fulvus'	'Eurasian griffon'	'Gyps fulvus'
2520	'Gyps himalayensis'	'Himalayan Griffon'	'Gyps himalayensis'
2530	'Gyps rueppellii'	'Rüppell\'s griffon'	'Gyps rueppellii'
2540	'Torgos tracheliotus'	'lappet-faced vulture'	'Torgos tracheliotus'
2550	'Aegypius monachus'	'Cinereous vulture'	'Aegypius monachus'
2560	'Circaetus gallicus'	'Short-toed snake eagle'	'Circaetus gallicus'
2570	'Terathopius ecaudatus'	'Bateleur'	'Terathopius ecaudatus'
2580	'Spilornis cheela'	'Crested serpent-eagle'	'Spilornis cheela'
2590	'Geranospiza caerulescens'	'Crane Hawk'	'Geranospiza caerulescens'
2600	'Circus aeruginosus'	'Western marsh harrier'	'Circus aeruginosus'
2610	'Circus cyaneus'	'Hen Harrier'	'Circus cyaneus'
2620	'Circus macrourus'	'Pallid Harrier'	'Circus macrourus'
2630	'Circus pygargus'	'Montagu\'s harrier'	'Circus pygargus'
2640	'Circus melanoleucus'	'Pied Harrier'	'Circus melanoleucos'
2649	'Circus sp.'	'American harrier'	'Circus'
2650	'Melierax metabates'	'Dark Chanting-Goshawk'	'Melierax metabates'
2660	'Micronisus gabar'	'Gabar goshawk'	'Micronisus gabar'
2670	'Accipiter gentilis'	'Queen Charlotte goshawk'	'Accipiter gentilis'
2680	'Accipiter virgatus'	'Besra'	'Accipiter virgatus'
2681	'Accipiter virgatus virgatus'	'NA'	'Accipiter virgatus virgatus'
2682	'Accipiter virgatus gularis'	'Besra'	'Accipiter virgatus'
2690	'Accipiter nisus'	'Eurasian Sparrowhawk'	'Accipiter nisus'
2692	'Accipiter nisus nisosimilis'	'NA'	'Accipiter nisus nisosimilis'
2700	'Accipiter striatus'	'Sharp-shinned hawk'	'Accipiter striatus'
2710	'Accipiter soloensis'	'Chinese Sparrowhawk'	'Accipiter soloensis'
2720	'Accipiter badius'	'Shikra'	'Accipiter badius'
2730	'Accipiter brevipes'	'Epervier à pieds courts'	'Accipiter brevipes'
2740	'Accipiter cooperii'	'Cooper\'s hawk'	'Accipiter cooperii'
2749	'Accipiter sp.'	'Akcipitroj'	'Accipiter'
2750	'Butastur teesa'	'White-eyed Buzzard'	'Butastur teesa'
2760	'Butastur indicus'	'Gray-faced Buzzard'	'Butastur indicus'
2770	'Buteogallus anthracinus'	'Common Black-Hawk'	'Buteogallus anthracinus'
2780	'Parabuteo unicinctus'	'Harris\'s hawk'	'Parabuteo unicinctus'
2790	'Buteo nitidus'	'Gray-lined Hawk'	'Buteo nitidus'
2800	'Buteo platypterus'	'Broad-winged hawk'	'Buteo platypterus'
2810	'Buteo lineatus'	'Red-shouldered hawk'	'Buteo lineatus'
2820	'Buteo swainsonii'	'Swainson\'s Hawk'	'Buteo swainsoni'
2830	'Buteo brachyurus'	'Short-tailed Hawk'	'Buteo brachyurus'
2840	'Buteo albicaudatus'	'Gavilán sabanero, gavilán coliblanco'	'Buteo albicaudatus'
2850	'Buteo albonotatus'	'Gavilán, gavilán colifajeado'	'Buteo albonotatus'
2860	'Buteo jamaicensis'	'Harlan\'s Hawk'	'Buteo jamaicensis'
2870	'Buteo buteo'	'Common buzzard'	'Buteo buteo'
2871	'Buteo buteo buteo'	'NA'	'Buteo buteo buteo'
2872	'Buteo buteo vulpinus'	'NA'	'Buteo buteo vulpinus'
2873	'Buteo buteo insularum'	'NA'	'Buteo buteo insularum'
2880	'Buteo rufinus'	'Long-legged buzzard'	'Buteo rufinus'
2890	'Buteo hemilasius'	'Upland Buzzard'	'Buteo hemilasius'
2900	'Buteo lagopus'	'Rough-legged Buzzard'	'Buteo lagopus'
2910	'Buteo regalis'	'ferruginous hawk'	'Buteo regalis'
2919	'Buteo spp.'	'Common buzzard'	'Buteo'
2920	'Aquila pomarina'	'Aigle pomarin'	'Aquila pomarina'
2930	'Aquila clanga'	'greater spotted eagle'	'Aquila clanga'
2940	'Aquila rapax'	'Tawny eagle'	'Aquila rapax'
2941	'Aquila rapax rapax'	'NA'	'Aquila rapax rapax'
2942	'Aquila rapax nipalensis'	'Tawny eagle'	'Aquila rapax'
2950	'Aquila heliaca'	'Eastern imperial eagle'	'Aquila heliaca'
2951	'Aquila heliaca heliaca'	'NA'	'Aquila heliaca heliaca'
2952	'Aquila heliaca adalberti'	'Spanish imperial eagle'	'Aquila heliaca adalberti'
2960	'Aquila chrysaetos'	'Golden Eagle'	'Aquila chrysaetos'
2970	'Aquila verreauxii'	'Aigle de Verreaux'	'Aquila verreauxii'
2979	'Aquila sp.'	'Tawny eagle'	'Aquila'
2980	'Hieraaetus pennatus'	'Booted eagle'	'Hieraaetus pennatus'
2990	'Hieraaetus fasciatus'	'Aigle de Bonelli'	'Hieraaetus fasciatus'
3000	'Spizaetus nipalensis'	'Mountain Hawk-eagle'	'Spizaetus nipalensis'
3010	'Pandion haliaetus'	'Fish hawk'	'Pandion haliaetus'
3020	'Polyborus plancus'	'Audubon\'s crested caracara'	'Polyborus plancus'
3030	'Falco naumanni'	'Lesser kestrel'	'Falco naumanni'
3040	'Falco tinnunculus'	'Common kestrel'	'Falco tinnunculus'
3050	'Falco sparverius'	'American kestrel'	'Falco sparverius'
3060	'Falco chicquera'	'Red-necked falcon'	'Falco chicquera'
3070	'Falco vespertinus'	'Red-footed falcon'	'Falco vespertinus'
3080	'Falco amurensis'	'Amur Falcon'	'Falco amurensis'
3090	'Falco columbarius'	'Merlin'	'Falco columbarius'
3092	'Falco columbarius subaesalon'	'NA'	'Falco columbarius subaesalon'
3100	'Falco subbuteo'	'Eurasian Hobby'	'Falco subbuteo'
3110	'Falco eleonorae'	'Eleonora\'s falcon'	'Falco eleonorae'
3120	'Falco concolor'	'Sooty falcon'	'Falco concolor'
3130	'Falco femoralis'	'Aplomado falcon'	'Falco femoralis'
3140	'Falco biarmicus'	'Lanner falcon'	'Falco biarmicus'
3150	'Falco jugger'	'Laggar Falcon'	'Falco jugger'
3160	'Falco cherrug'	'Saker falcon'	'Falco cherrug'
3170	'Falco altaicus'	'Eleonora\'s falcon'	'Falco'
3180	'Falco rusticolus'	'Gyrfalcon'	'Falco rusticolus'
3190	'Falco mexicanus'	'Prairie Falcon'	'Falco mexicanus'
3200	'Falco peregrinus'	'Peregrin falcon'	'Falco peregrinus'
3201	'Falco peregrinus peregrinus'	'Faucon pèlerin d\'Eurasie'	'Falco peregrinus peregrinus'
3202	'Falco peregrinus brookei'	'baharí'	'Falco peregrinus brookei'
3210	'Falco pelegrinoides'	'Barbary falcon'	'Falco pelegrinoides'
3219	'Falco sp.'	'Eleonora\'s falcon'	'Falco'
3220	'Ortalis vetula'	'Plain Chachalaca'	'Ortalis vetula'
3230	'Dendragapus falcipennis'	'NA'	'Dendragapus falcipennis'
3240	'Dendragapus canadensis'	'Nabaoo'	'Dendragapus canadensis'
3250	'Dendragapus obscurus'	'Dusky grouse'	'Dendragapus obscurus'
3260	'Bonasa bonasia'	'NA'	'Bonasa bonasia'
3270	'Bonasa sewerzowi'	'Chinese grouse'	'Bonasa sewerzowi'
3280	'Bonasa umbellus'	'Pheasant'	'Bonasa umbellus'
3290	'Lagopus lagopus'	'Gelabra d\'Escòcia'	'Lagopus lagopus'
3291	'Lagopus lagopus lagopus'	'NA'	'Lagopus lagopus lagopus'
3292	'Lagopus lagopus scoticus'	'Gelabra d\'Escòcia'	'Lagopus lagopus scotica'
3300	'Lagopus mutus'	'Ptarmigan'	'Lagopus mutus'
3310	'Lagopus leucurus'	'NA'	'Lagopus leucurus'
3320	'Tetrao tetrix'	'Black grouse'	'Tetrao tetrix'
3330	'Tetrao mlokosiewiczi'	'Caucasian Black Grouse'	'Tetrao mlokosiewiczi'
3340	'Tetrao parvirostris'	'NA'	'Tetrao parvirostris'
3350	'Tetrao urogallus'	'Western Capercaillie'	'Tetrao urogallus'
3360	'Tympanuchus cupido'	'Greater prairie chicken'	'Tympanuchus cupido'
3370	'Tympanuchus phasianellus'	'Sharp-tailed grouse'	'Tympanuchus phasianellus'
3380	'Centrocercus urophasianus'	'Greater sage grouse'	'Centrocercus urophasianus'
3390	'Callipepla picta'	'Kalipeploj'	'Callipepla'
3400	'Callipepla squamata'	'scaled quail'	'Callipepla squamata'
3410	'Callipepla californica'	'California Quail'	'Callipepla californica'
3420	'Callipepla gambelii'	'Gambel\'s Quail'	'Callipepla gambelii'
3430	'Callipepla douglasii'	'Elegant quail'	'Callipepla douglasii'
3440	'Philortyx fasciatus'	'Banded Quail'	'Philortyx fasciatus'
3450	'Colinus virginianus'	'Northern bobwhite'	'Colinus virginianus'
3460	'Cyrtonyx montezumae'	'Montezuma Quail'	'Cyrtonyx montezumae'
3470	'Lerwa lerwa'	'Snow Partridge'	'Lerwa lerwa'
3480	'Tetraophasis obscurus'	'Verreaux\'s Monal-Partridge'	'Tetraophasis obscurus'
3490	'Tetraophasis szechenyii'	'Szechenyi\'s Monal-Partridge'	'Tetraophasis szechenyii'
3500	'Tetraogallus caucasicus'	'Caucasian snowcock'	'Tetraogallus caucasicus'
3510	'Tetraogallus caspius'	'Caspian Snowcock'	'Tetraogallus caspius'
3520	'Tetraogallus himalayensis'	'Himalayan Snowcock'	'Tetraogallus himalayensis'
3530	'Tetraogallus tibetanus'	'Tibetan Snowcock'	'Tetraogallus tibetanus'
3540	'Tetraogallus altaicus'	'Altai Snowcock'	'Tetraogallus altaicus'
3550	'Alectoris chukar'	'Chukar Partridge'	'Alectoris chukar'
3560	'Alectoris magna'	'Przevalski\'s Partridge'	'Alectoris magna'
3570	'Alectoris graeca'	'Rock partridge'	'Alectoris graeca'
3580	'Alectoris rufa'	'Red-legged partridge'	'Alectoris rufa'
3590	'Alectoris barbara'	'Barbary partridge'	'Alectoris barbara'
3600	'Alectoris philbyi'	'Philby\'s Partridge'	'Alectoris philbyi'
3610	'Alectoris melanocephala'	'Arabian Partridge'	'Alectoris melanocephala'
3620	'Ammoperdix griseogularis'	'See-see Partridge'	'Ammoperdix griseogularis'
3630	'Ammoperdix heyi'	'Sand Partridge'	'Ammoperdix heyi'
3640	'Francolinus francolinus'	'Black Francolin'	'Francolinus francolinus'
3650	'Francolinus pondicerianus'	'Gray Francolin'	'Francolinus pondicerianus'
3660	'Francolinus bicalcaratus'	'NA'	'Francolinus bicalcaratus'
3670	'Perdix perdix'	'Grey partridge'	'Perdix perdix'
3680	'Perdix dauuricae'	'NA'	'Perdix dauuricae'
3690	'Perdix hodgsoniae'	'Tibetan Partridge'	'Perdix hodgsoniae'
3699	'Perdix sp.'	'鳩斑原天竺鯛'	'Perdix'
3700	'Coturnix coturnix'	'Common quail'	'Coturnix coturnix'
3710	'Coturnix japonica'	'Japanese Quail'	'Coturnix japonica'
3720	'Perdicula asiatica'	'Jungle Bush Quail'	'Perdicula asiatica'
3730	'Arborophila torqueola'	'Hill Partridge'	'Arborophila torqueola'
3740	'Arborophila rufogularis'	'Rufous-throated Partridge'	'Arborophila rufogularis'
3750	'Arborophila rufipectus'	'Sichuan Partridge'	'Arborophila rufipectus'
3760	'Bambusicola thoracica'	'NA'	'Bambusicola thoracica'
3770	'Ithaginis cruentus'	'Blood pheasant'	'Ithaginis cruentus'
3780	'Tragopan melanocephalus'	'Western tragopan'	'Tragopan melanocephalus'
3790	'Tragopan satyra'	'Satyr tragopan'	'Tragopan satyra'
3800	'Tragopan blythii'	'Blyth\'s Tragopan'	'Tragopan blythii'
3810	'Tragopan temminckii'	'Temminck\'s Tragopan'	'Tragopan temminckii'
3820	'Pucrasia macrolopha'	'Koklass pheasant'	'Pucrasia macrolopha'
3830	'Lophophorus impejanus'	'Himalayan Monal'	'Lophophorus impejanus'
3840	'Lophophorus sclateri'	'Sclater\'s Monal'	'Lophophorus sclateri'
3850	'Lophophorus lhuysii'	'Chinese Monal'	'Lophophorus lhuysii'
3860	'Gallus gallus'	'Gamecock'	'Gallus gallus'
3870	'Lophura leucomelana'	'NA'	'Lophura leucomelana'
3880	'Crossoptilon crossoptilon'	'White Eared Pheasant'	'Crossoptilon crossoptilon'
3890	'Crossoptilon mantchuricum'	'Brown Eared Pheasant'	'Crossoptilon mantchuricum'
3900	'Crossoptilon auritum'	'Blue Eared Pheasant'	'Crossoptilon auritum'
3910	'Catreus wallichii'	'Cheer pheasant'	'Catreus wallichii'
3920	'Syrmaticus soemmerringii'	'Copper Pheasant'	'Syrmaticus soemmerringii'
3930	'Syrmaticus reevesii'	'Reeves\'s Pheasant'	'Syrmaticus reevesii'
3940	'Phasianus colchicus'	'Ring-necked Pheasant'	'Phasianus colchicus'
3950	'Phasianus versicolor'	'Common pheasant'	'Phasianus versicolor'
3960	'Chrysolophus pictus'	'Golden Pheasant'	'Chrysolophus pictus'
3970	'Chrysolophus amherstiae'	'Lady Amherst\'s Pheasant'	'Chrysolophus amherstiae'
3980	'Numida meleagris'	'Helmeted Guineafowl'	'Numida meleagris'
3990	'Meleagris gallopavo'	'Common turkey'	'Meleagris gallopavo'
4000	'Turnix sylvatica'	'NA'	'Turnix sylvatica'
4010	'Turnix tanki'	'Yellow-legged Buttonquail'	'Turnix tanki'
4020	'Turnix suscitator'	'Barred buttonquail'	'Turnix suscitator'
4030	'Rallina eurizonoides'	'Slaty-legged Crake'	'Rallina eurizonoides'
4040	'Rallus longirostris'	'Clapper rail'	'Rallus longirostris'
4050	'Rallus elegans'	'King rail'	'Rallus elegans'
4060	'Rallus limicola'	'Virginia rail'	'Rallus limicola'
4070	'Rallus aquaticus'	'Water rail'	'Rallus aquaticus'
4080	'Porzana porzana'	'Spotted crake'	'Porzana porzana'
4090	'Porzana carolina'	'Rail'	'Porzana carolina'
4100	'Porzana parva'	'Kleines Sumpfhuhn'	'Porzana parva'
4110	'Porzana pusilla'	'Baillon\'s Crake'	'Porzana pusilla'
4120	'Porzana marginalis'	'NA'	'Porzana marginalis'
4130	'Porzana cinerea'	'White-browed Crake'	'Porzana cinerea'
4140	'Porzana fusca'	'Ruddy-breasted Crake'	'Porzana fusca'
4150	'Porzana paykullii'	'Band-bellied Crake'	'Porzana paykullii'
4160	'Porzana bicolor'	'Black-tailed Crake'	'Porzana bicolor'
4169	'Porzana sp.'	'Spotted crake'	'Porzana'
4170	'Coturnicops exquisita'	'Swinhoe\'s Rail'	'Coturnicops exquisitus'
4180	'Coturnicops noveboracensis'	'Yellow Rail'	'Coturnicops noveboracensis'
4190	'Laterallus jamaicensis'	'Polluela negra'	'Laterallus jamaicensis'
4200	'Limnocorax flavirostra'	'NA'	'Limnocorax flavirostra'
4210	'Crex crex'	'Corn crake'	'Crex crex'
4220	'Amaurornis akool'	'Brown Crake'	'Amaurornis akool'
4230	'Amaurornis phoenicurus'	'White-breasted Waterhen'	'Amaurornis phoenicurus'
4240	'Gallinula chloropus'	'Common moorhen'	'Gallinula chloropus'
4250	'Porphyrula alleni'	'NA'	'Porphyrula alleni'
4260	'Porphyrula martinica'	'NA'	'Porphyrula martinica'
4270	'Porphyrio porphyrio'	'Purple swamphen'	'Porphyrio porphyrio'
4271	'Porphyrio porphyrio porphyrio'	'NA'	'Porphyrio porphyrio porphyrio'
4272	'Porphyrio porphyrio madagascariensis'	'NA'	'Porphyrio porphyrio madagascariensis'
4273	'Porphyrio (porphyrio) poliocephalus'	'Purple swamphen'	'Porphyrio'
4280	'Gallicrex cinerea'	'Watercock'	'Gallicrex cinerea'
4290	'Fulica atra'	'Common coot'	'Fulica atra'
4300	'Fulica americana'	'American coot'	'Fulica americana'
4310	'Fulica cristata'	'Red-knobbed Coot'	'Fulica cristata'
4320	'Aramus guarauna'	'Limpkin'	'Aramus guarauna'
4330	'Grus grus'	'Common crane'	'Grus grus'
4340	'Grus nigricollis'	'Black-necked Crane'	'Grus nigricollis'
4350	'Grus monacha'	'Hooded Crane'	'Grus monacha'
4360	'Grus canadensis'	'sandhill crane'	'Grus canadensis'
4370	'Grus vipio'	'White-naped crane'	'Grus vipio'
4380	'Grus japonensis'	'Red-crowned Crane'	'Grus japonensis'
4390	'Grus americana'	'Whooping crane'	'Grus americana'
4400	'Grus leucogeranus'	'Siberian crane'	'Grus leucogeranus'
4409	'Grus sp.'	'Common crane'	'Grus'
4410	'Anthropoides virgo'	'Demoiselle Crane'	'Anthropoides virgo'
4420	'Tetrax tetrax'	'LIttle bustard'	'Tetrax tetrax'
4430	'Neotis denhami'	'Denham\'s Bustard'	'Neotis denhami'
4440	'Chlamydotis undulata'	'Houbara bustard'	'Chlamydotis undulata'
4441	'Chlamydotis undulata undulata'	'NA'	'Chlamydotis undulata undulata'
4442	'Chlamydotis undulata macqueenii'	'NA'	'Chlamydotis undulata macqueenii'
4443	'Chlamydotis undulata fuertaventurae'	'NA'	'Chlamydotis undulata fuertaventurae'
4450	'Ardeotis arabs'	'Arabian Bustard'	'Ardeotis arabs'
4460	'Otis tarda'	'Great Bustard'	'Otis tarda'
4470	'Hydrophasianus chirurgus'	'Pheasant-tailed jacana'	'Hydrophasianus chirurgus'
4480	'Jacana spinosa'	'Northern Jacana'	'Jacana spinosa'
4490	'Rostratula benghalensis'	'Goldschnepfe'	'Rostratula benghalensis'
4500	'Haematopus ostralegus'	'Eurasian oystercatcher'	'Haematopus ostralegus'
4510	'Haematopus palliatus'	'American oystercatcher'	'Haematopus palliatus'
4520	'Haematopus bachmani'	'Black Oystercatcher'	'Haematopus bachmani'
4530	'Haematopus moquini'	'African oystercatcher'	'Haematopus moquini'
4540	'Ibidorhyncha struthersii'	'Ibisbill'	'Ibidorhyncha struthersii'
4550	'Himantopus himantopus'	'Black-winged stilt'	'Himantopus himantopus'
4560	'Recurvirostra avosetta'	'Pied avocet'	'Recurvirostra avosetta'
4570	'Recurvirostra americana'	'American avocet'	'Recurvirostra americana'
4580	'Dromas ardeola'	'Crab plover'	'Dromas ardeola'
4590	'Burhinus oedicnemus'	'Eurasian thick-knee'	'Burhinus oedicnemus'
4600	'Burhinus senegalensis'	'Oedicnème du Sénégal'	'Burhinus senegalensis'
4610	'Burhinus capensis'	'Spotted thick-knee'	'Burhinus capensis'
4620	'Esacus recurvirostris'	'Great Stone-curlew'	'Esacus recurvirostris'
4630	'Pluvianus aegyptius'	'Crocodile-bird'	'Pluvianus aegyptius'
4640	'Cursorius cursor'	'Cream-colored courser'	'Cursorius cursor'
4650	'Glareola pratincola'	'Collared pratincole'	'Glareola pratincola'
4660	'Glareola maldivarum'	'Glaréole orientale'	'Glareola maldivarum'
4670	'Glareola nordmanni'	'Black-winged Pratincole'	'Glareola nordmanni'
4680	'Glareola lactea'	'Small Pratincole'	'Glareola lactea'
4689	'Glareola sp.'	'Glareolo'	'Glareola'
4690	'Charadrius dubius'	'Little ringed plover'	'Charadrius dubius'
4700	'Charadrius hiaticula'	'Common ringed plover'	'Charadrius hiaticula'
4701	'Charadrius hiaticula hiaticula'	'NA'	'Charadrius hiaticula hiaticula'
4702	'Charadrius hiaticula tundrae'	'Tundra Ringed Plover'	'Charadrius hiaticula tundrae'
4710	'Charadrius semipalmatus'	'Semipalmated Plover'	'Charadrius semipalmatus'
4720	'Charadrius placidus'	'Long-billed Plover'	'Charadrius placidus'
4730	'Charadrius wilsonia'	'Wilson\'s Plover'	'Charadrius wilsonia'
4740	'Charadrius vociferus'	'Killdeer'	'Charadrius vociferus'
4750	'Charadrius melodus'	'Piping plover'	'Charadrius melodus'
4760	'Charadrius pecuarius'	'Kittlitz\'s plover'	'Charadrius pecuarius'
4770	'Charadrius alexandrinus'	'Kentish plover'	'Charadrius alexandrinus'
4780	'Charadrius mongolus'	'Lesser sand plover'	'Charadrius mongolus'
4781	'Charadrius mongolus mongolus'	'NA'	'Charadrius mongolus mongolus'
4782	'Charadrius mongolus pamirensis'	'NA'	'Charadrius mongolus pamirensis'
4783	'Charadrius mongolus atrifrons'	'NA'	'Charadrius mongolus atrifrons'
4784	'Charadrius mongolus schaeferi'	'NA'	'Charadrius mongolus schaeferi'
4785	'Charadrius mongolus stegmanni'	'メダイチドリ'	'Charadrius mongolus stegmanni'
4790	'Charadrius leschenaultii'	'Greater sand plover'	'Charadrius leschenaultii'
4800	'Charadrius asiaticus'	'Caspian plover'	'Charadrius asiaticus'
4810	'Charadrius veredus'	'Oriental Plover'	'Charadrius veredus'
4820	'Charadrius morinellus'	'Eurasian Dotterel'	'Charadrius morinellus'
4830	'Charadrius montanus'	'Mountain Plover'	'Charadrius montanus'
4839	'Charadrius sp.'	'sainthelenantylli'	'Charadrius'
4840	'Pluvialis dominica'	'American golden plover'	'Pluvialis dominica'
4841	'Pluvialis dominica dominica'	'NA'	'Pluvialis dominica dominica'
4842	'Pluvialis dominica fulva'	'NA'	'Pluvialis dominica fulva'
4850	'Pluvialis apricaria'	'European golden plover'	'Pluvialis apricaria'
4851	'Pluvialis apricaria apricaria'	'NA'	'Pluvialis apricaria apricaria'
4852	'Pluvialis apricaria altifrons'	'NA'	'Pluvialis apricaria altifrons'
4860	'Pluvialis squatarola'	'Black-bellied plover'	'Pluvialis squatarola'
4870	'Hoplopterus spinosus'	'NA'	'Hoplopterus spinosus'
4880	'Hoplopterus tectus'	'NA'	'Hoplopterus tectus'
4890	'Hoplopterus cinereus'	'NA'	'Hoplopterus'
4900	'Hoplopterus indicus'	'NA'	'Hoplopterus indicus'
4910	'Chettusia gregaria'	'NA'	'Chettusia gregaria'
4920	'Chettusia leucura'	'NA'	'Chettusia leucurus'
4930	'Vanellus vanellus'	'Lapwing'	'Vanellus vanellus'
4940	'Aphriza virgata'	'Chorlito de rompientes'	'Aphriza virgata'
4950	'Calidris tenuirostris'	'Great knot'	'Calidris tenuirostris'
4960	'Calidris canutus'	'Red knot'	'Calidris canutus'
4961	'Calidris canutus canutus'	'NA'	'Calidris canutus canutus'
4962	'Calidris canutus islandicus'	'NA'	'Calidris canutus islandica'
4970	'Calidris alba'	'Sanderling'	'Calidris alba'
4980	'Calidris pusilla'	'Semipalmated sandpiper'	'Calidris pusilla'
4990	'Calidris mauri'	'Western Sandpiper'	'Calidris mauri'
5000	'Calidris ruficollis'	'Red-necked Stint'	'Calidris ruficollis'
5010	'Calidris minuta'	'Little stint'	'Calidris minuta'
5020	'Calidris temminckii'	'Temminck\'s stint'	'Calidris temminckii'
5030	'Calidris subminuta'	'Bécasseau à longs doigts'	'Calidris subminuta'
5040	'Calidris minutilla'	'Least sandpiper'	'Calidris minutilla'
5050	'Calidris fuscicollis'	'White-rumped Sandpiper'	'Calidris fuscicollis'
5060	'Calidris bairdii'	'Baird\'s Sandpiper'	'Calidris bairdii'
5070	'Calidris melanotos'	'Pectoral Sandpiper'	'Calidris melanotos'
5080	'Calidris acuminata'	'Sharp-tailed sandpiper'	'Calidris acuminata'
5090	'Calidris ferruginea'	'Curlew sandpiper'	'Calidris ferruginea'
5100	'Calidris maritima'	'Purple sandpiper'	'Calidris maritima'
5110	'Calidris ptilocnemis'	'Rock Sandpiper'	'Calidris ptilocnemis'
5120	'Calidris alpina'	'Dunlin'	'Calidris alpina'
5121	'Calidris alpina alpina'	'NA'	'Calidris alpina alpina'
5122	'Calidris alpina arctica'	'NA'	'Calidris alpina arctica'
5123	'Calidris alpina schinzii'	'NA'	'Calidris alpina schinzii'
5128	'Calidris alpina schinzii / arctica'	'NA'	'Calidris alpina schinzii'
5129	'Calidris spp.'	'Curlew sandpiper'	'Calidris'
5130	'Eurynorhynchus pygmeus'	'Spoon-billed sandpiper'	'Eurynorhynchus pygmeus'
5140	'Limicola falcinellus'	'Broad-billed Sandpiper'	'Limicola falcinellus'
5150	'Micropalama himantopus'	'NA'	'Micropalama himantopus'
5160	'Tryngites subruficollis'	'Buff-breasted sandpiper'	'Tryngites subruficollis'
5170	'Philomachus pugnax'	'Ruff'	'Philomachus pugnax'
5180	'Lymnocryptes minimus'	'Jack snipe'	'Lymnocryptes minimus'
5190	'Gallinago gallinago'	'Common snipe'	'Gallinago gallinago'
5191	'Gallinago gallinago gallinago'	'NA'	'Gallinago gallinago gallinago'
5192	'Gallinago gallinago delicata'	'NA'	'Gallinago gallinago delicata'
5193	'Gallinago gallinago faeroeensis'	'NA'	'Gallinago gallinago faeroeensis'
5200	'Gallinago media'	'Great snipe'	'Gallinago media'
5210	'Gallinago stenura'	'Pin-tailed snipe'	'Gallinago stenura'
5220	'Gallinago megala'	'Swinhoe\'s Snipe'	'Gallinago megala'
5230	'Gallinago hardwickii'	'Latham\'s Snipe'	'Gallinago hardwickii'
5240	'Gallinago solitaria'	'Solitary Snipe'	'Gallinago solitaria'
5250	'Gallinago nemoricola'	'Wood Snipe'	'Gallinago nemoricola'
5260	'Limnodromus griseus'	'Brownback'	'Limnodromus griseus'
5270	'Limnodromus scolopaceus'	'Long-billed Dowitcher'	'Limnodromus scolopaceus'
5280	'Limnodromus semipalmatus'	'Asian Dowitcher'	'Limnodromus semipalmatus'
5290	'Scolopax rusticola'	'Eurasian woodcock'	'Scolopax rusticola'
5300	'Scolopax mira'	'Amami Woodcock'	'Scolopax mira'
5310	'Scolopax minor'	'American woodcock'	'Scolopax minor'
5320	'Limosa limosa'	'Black-tailed godwit'	'Limosa limosa'
5321	'Limosa limosa limosa'	'Maçarico-de-bico-direito'	'Limosa limosa limosa'
5322	'Limosa limosa islandica'	'NA'	'Limosa limosa islandica'
5330	'Limosa haemastica'	'Hudsonian godwit'	'Limosa haemastica'
5340	'Limosa lapponica'	'Bar-tailed Godwit'	'Limosa lapponica'
5341	'Limosa lapponica lapponica'	'NA'	'Limosa lapponica lapponica'
5350	'Limosa fedoa'	'Marbled godwit'	'Limosa fedoa'
5360	'Numenius minutus'	'Little Curlew'	'Numenius minutus'
5370	'Numenius borealis'	'Eskimo Curlew'	'Numenius borealis'
5380	'Numenius phaeopus'	'Whimbrel'	'Numenius phaeopus'
5381	'Numenius hudsonicus'	'Amerikaanse Regenwulp'	'Numenius hudsonicus'
5390	'Numenius tahitiensis'	'Bristle-thighed Curlew'	'Numenius tahitiensis'
5400	'Numenius tenuirostris'	'Slender-billed curlew'	'Numenius tenuirostris'
5410	'Numenius arquata'	'Eurasian curlew'	'Numenius arquata'
5420	'Numenius americanus'	'Long-billed curlew'	'Numenius americanus'
5430	'Numenius madagascariensis'	'Far Eastern curlew'	'Numenius madagascariensis'
5439	'Numenius sp.'	'Far Eastern curlew'	'Numenius'
5440	'Bartramia longicauda'	'Upland sandpiper'	'Bartramia longicauda'
5450	'Tringa erythropus'	'Spotted redshank'	'Tringa erythropus'
5460	'Tringa totanus'	'Common redshank'	'Tringa totanus'
5461	'Tringa totanus totanus'	'NA'	'Tringa totanus totanus'
5462	'Tringa totanus robusta'	'NA'	'Tringa totanus robusta'
5470	'Tringa stagnatilis'	'Marsh sandpiper'	'Tringa stagnatilis'
5480	'Tringa nebularia'	'Common greenshank'	'Tringa nebularia'
5490	'Tringa guttifer'	'Nordmann\'s Greenshank'	'Tringa guttifer'
5500	'Tringa melanoleuca'	'Greater Yellowlegs'	'Tringa melanoleuca'
5510	'Tringa flavipes'	'Lesser yellowlegs'	'Tringa flavipes'
5520	'Tringa solitaria'	'Solitary sandpiper'	'Tringa solitaria'
5530	'Tringa ochropus'	'Green sandpiper'	'Tringa ochropus'
5540	'Tringa glareola'	'Wood sandpiper'	'Tringa glareola'
5550	'Xenus cinereus'	'Terek Sandpiper'	'Xenus cinereus'
5560	'Actitis hypoleucos'	'Common sandpiper'	'Actitis hypoleucos'
5570	'Actitis macularia'	'NA'	'Actitis macularia'
5580	'Heteroscelus brevipes'	'NA'	'Heteroscelus brevipes'
5590	'Heteroscelus incanus'	'Alaskavandresnipe'	'Heteroscelus incanus'
5600	'Catoptrophorus semipalmatus'	'willet'	'Catoptrophorus semipalmatus'
5610	'Arenaria interpres'	'Canadian ruddy turnstone'	'Arenaria interpres'
5620	'Arenaria melanocephala'	'Black Turnstone'	'Arenaria melanocephala'
5630	'Phalaropus tricolor'	'Wilson\'s Phalarope'	'Phalaropus tricolor'
5640	'Phalaropus lobatus'	'Red-necked phalarope'	'Phalaropus lobatus'
5650	'Phalaropus fulicaria'	'NA'	'Phalaropus fulicaria'
5659	'Limicolae'	'Earthworm'	'Limicola'
5660	'Stercorarius pomarinus'	'Pomarine jaeger'	'Stercorarius pomarinus'
5670	'Stercorarius parasiticus'	'Great skua'	'Stercorarius parasiticus'
5680	'Stercorarius longicaudus'	'Long-tailed jaeger'	'Stercorarius longicaudus'
5690	'Stercorarius skua'	'Great skua'	'Stercorarius skua'
5691	'Stercorarius skua skua'	'NA'	'Stercorarius skua skua'
5692	'Stercorarius skua loennbergi'	'Great skua'	'Stercorarius skua'
5693	'Stercorarius skua antarcticus'	'Great skua'	'Stercorarius skua'
5700	'Stercorarius maccormicki'	'South Polar Skua'	'Stercorarius maccormicki'
5709	'Stercorarius sp.'	'トウゾクカモメ属'	'Stercorarius'
5710	'Larus hemprichii'	'Goéland de Hemprich'	'Larus hemprichii'
5720	'Larus leucophthalmus'	'White-eyed gull'	'Larus leucophthalmus'
5730	'Larus ichthyaetus'	'Fischmöwe'	'Larus ichthyaetus'
5740	'Larus relictus'	'Gabbiano della Mongolia'	'Larus relictus'
5750	'Larus melanocephalus'	'Mediterranean Gull'	'Larus melanocephalus'
5760	'Larus atricilla'	'laughing gull'	'Larus atricilla'
5770	'Larus pipixcan'	'Gaviota de Franklin'	'Larus pipixcan'
5780	'Larus minutus'	'Little Gull'	'Larus minutus'
5790	'Larus sabini'	'NA'	'Larus sabini'
5800	'Larus saundersi'	'Saunder\'s gull'	'Larus saundersi'
5810	'Larus philadelphia'	'Bonaparte\'s gull'	'Larus philadelphia'
5820	'Larus ridibundus'	'Black-headed gull'	'Larus ridibundus'
5830	'Larus brunnicephalus'	'brown-headed gull'	'Larus brunnicephalus'
5840	'Larus cirrocephalus'	'Graukopfmöwe'	'Larus cirrocephalus'
5850	'Larus genei'	'Dünnschnabelmöwe'	'Larus genei'
5860	'Larus heermanni'	'Heermann\'s Gull'	'Larus heermanni'
5870	'Larus crassirostris'	'Black-tailed Gull'	'Larus crassirostris'
5880	'Larus audouinii'	'Audouin\'s gull'	'Larus audouinii'
5890	'Larus delawarensis'	'Ring-billed Gull'	'Larus delawarensis'
5900	'Larus canus'	'Mew gull'	'Larus canus'
5901	'Larus canus canus'	'fiskmås, rasen canus'	'Larus canus canus'
5902	'Larus canus heinei'	'ニシシベリアカモメ'	'Larus canus heinei'
5910	'Larus fuscus'	'Lesser black-backed gull'	'Larus fuscus'
5911	'Larus fuscus fuscus'	'silltrut, rasen fuscus'	'Larus fuscus fuscus'
5912	'Larus fuscus graellsii'	'Britse kleine mantelmeeuw'	'Larus fuscus graellsii'
5913	'Larus fuscus intermedius'	'silltrut, rasen intermedius'	'Larus fuscus intermedius'
5920	'Larus argentatus'	'European herring gull'	'Larus argentatus'
5921	'Larus argentatus argentatus'	'gråtrut, rasen argentatus'	'Larus argentatus argentatus'
5922	'Larus argentatus heuglini'	'European herring gull'	'Larus argentatus'
5923	'Larus argentatus taimyrensis'	'European herring gull'	'Larus argentatus'
5924	'Larus argentatus vegae'	'NA'	'Larus argentatus vegae'
5925	'Larus argentatus atlantis'	'European herring gull'	'Larus argentatus'
5926	'Larus argentatus michahellis'	'NA'	'Larus argentatus michaelis'
5927	'Larus argentatus cachinnans'	'NA'	'Larus argentatus cachinnans'
5928	'Larus argentatus argenteus'	'Herring gull'	'Larus argentatus argenteus'
5930	'Larus californicus'	'California Gull'	'Larus californicus'
5940	'Larus occidentalis'	'Western Gull'	'Larus occidentalis'
5950	'Larus schistisagus'	'Slaty-backed Gull'	'Larus schistisagus'
5960	'Larus glaucescens'	'Glaucous-winged Gull'	'Larus glaucescens'
5970	'Larus thayeri'	'Goéland de Thayer'	'Larus thayeri'
5980	'Larus glaucoides'	'Iceland gull'	'Larus glaucoides'
5981	'Larus glaucoides glaucoides'	'vitvingad trut, rasen glaucoides'	'Larus glaucoides glaucoides'
5982	'Larus glaucoides kumlieni'	'クムリーンアイスランドカモメ'	'Larus glaucoides kumlieni'
5990	'Larus hyperboreus'	'Glaucous Gull'	'Larus hyperboreus'
6000	'Larus marinus'	'Great black-backed gull'	'Larus marinus'
6009	'Larus sp.'	'カモメ属'	'Larus'
6010	'Rhodostethia rosea'	'Ross\'s Gull'	'Rhodostethia rosea'
6020	'Rissa tridactyla'	'Black-legged kittiwake'	'Rissa tridactyla'
6030	'Rissa brevirostris'	'Red-legged Kittiwake'	'Rissa brevirostris'
6040	'Pagophila eburnea'	'Ivory gull'	'Pagophila eburnea'
6050	'Gelochelidon nilotica'	'Gull-billed tern'	'Gelochelidon nilotica'
6060	'Sterna caspia'	'Pagaza mayor, piquirrojo'	'Sterna caspia'
6070	'Sterna maxima'	'royal tern'	'Sterna maxima'
6080	'Sterna bergii'	'NA'	'Sterna bergii'
6090	'Sterna bengalensis'	'NA'	'Sterna bengalensis'
6100	'Sterna zimmermanni'	'NA'	'Sterna zimmermanni'
6110	'Sterna sandvicensis'	'Sandwich tern'	'Sterna sandvicensis'
6111	'Sterna acuflavida'	'NA'	'Sterna acuflavida'
6120	'Sterna elegans'	'Pagaza elegante'	'Sterna elegans'
6130	'Sterna sumatrana'	'Black-naped Tern'	'Sterna sumatrana'
6140	'Sterna dougallii'	'Roseate tern'	'Sterna dougallii'
6150	'Sterna hirundo'	'Common tern'	'Sterna hirundo'
6160	'Sterna paradisaea'	'Arctic tern'	'Sterna paradisaea'
6170	'Sterna aleutica'	'NA'	'Sterna aleutica'
6180	'Sterna forsteri'	'Forster\'s Tern'	'Sterna forsteri'
6190	'Sterna trudeaui'	'rybitwa maskowa'	'Sterna trudeaui'
6200	'Sterna repressa'	'Sterne à joues blanches'	'Sterna repressa'
6210	'Sterna lunata'	'NA'	'Sterna lunata'
6220	'Sterna anaethetus'	'Charrán embridado'	'Sterna anaethetus'
6230	'Sterna fuscata'	'Charrán sombrío'	'Sterna fuscata'
6240	'Sterna albifrons'	'Chinese tern'	'Sterna albifrons'
6250	'Sterna saundersi'	'Orientseeschwalbe'	'Sterna saundersi'
6259	'Sterna sp.'	'Roseate tern'	'Sterna'
6260	'Chlidonias hybridus'	'NA'	'Chlidonias hybridus'
6270	'Chlidonias niger'	'Black tern'	'Chlidonias niger'
6271	'Chlidonias niger niger'	'NA'	'Chlidonias niger niger'
6272	'Chlidonias niger surinamensis'	'NA'	'Chlidonias niger surinamensis'
6280	'Chlidonias leucopterus'	'White-winged tern'	'Chlidonias leucopterus'
6289	'Chlidonias sp.'	'Bataqlıq susüpürənləri'	'Chlidonias'
6290	'Anous tenuirostris'	'Lesser Noddy'	'Anous tenuirostris'
6300	'Anous stolidus'	'Brown noddy'	'Anous stolidus'
6310	'Gygis alba'	'Common White-Tern'	'Gygis alba'
6320	'Rynchops nigra'	'NA'	'Rynchops nigra'
6330	'Rynchops flavirostris'	'African Skimmer'	'Rynchops flavirostris'
6340	'Uria aalge'	'common guillemot'	'Uria aalge'
6350	'Uria lomvia'	'Thick-billed murre'	'Uria lomvia'
6359	'Uria sp.'	'Thick-billed murre'	'Uria'
6360	'Alca torda'	'Razorbill'	'Alca torda'
6370	'Pinguinus impennis'	'Great auk'	'Pinguinus impennis'
6380	'Cepphus grylle'	'Black guillemot'	'Cepphus grylle'
6390	'Cepphus columba'	'Pigeon Guillemot'	'Cepphus columba'
6400	'Cepphus carbo'	'Spectacled guillemot'	'Cepphus carbo'
6409	'Cepphus spp.'	'ウミバト属'	'Cepphus'
6410	'Brachyramphus marmoratus'	'Marbled Murrelet'	'Brachyramphus marmoratus'
6411	'Brachyramphus marmoratus marmoratus'	'NA'	'Brachyramphus marmoratus maroratum'
6412	'Brachyramphus marmoratus perdix'	'Marbled Murrelet'	'Brachyramphus marmoratus'
6420	'Brachyramphus brevirostris'	'Kittlitz\'s Murrelet'	'Brachyramphus brevirostris'
6429	'Brachyramphus sp.'	'Marbled Murrelet'	'Brachyramphus'
6430	'Endomychura hypoleuca'	'NA'	'Endomychura hypoleuca'
6440	'Endomychura craveri'	'NA'	'Endomychura craveri'
6450	'Synthliboramphus antiquus'	'Ancient Murrelet'	'Synthliboramphus antiquus'
6460	'Synthliboramphus wumizusume'	'Japanese Murrelet'	'Synthliboramphus wumizusume'
6470	'Alle alle'	'Dovekie'	'Alle alle'
6480	'Ptychoramphus aleuticus'	'Cassin\'s Auklet'	'Ptychoramphus aleuticus'
6490	'Aethia cristatella'	'Crested auklet'	'Aethia cristatella'
6500	'Aethia pygmaea'	'Whiskered Auklet'	'Aethia pygmaea'
6510	'Aethia pusilla'	'Least Auklet'	'Aethia pusilla'
6520	'Cyclorrhynchus psittacula'	'NA'	'Cyclorrhynchus psittacula'
6530	'Cerorhinca monocerata'	'Rhinoceros auklet'	'Cerorhinca monocerata'
6540	'Fratercula arctica'	'Atlantic Puffin'	'Fratercula arctica'
6550	'Fratercula corniculata'	'Horned Puffin'	'Fratercula corniculata'
6560	'Lunda cirrhata'	'NA'	'Lunda cirrhata'
6570	'Pterocles lichtensteinii'	'Lichtenstein\'s Sandgrouse'	'Pterocles lichtensteinii'
6580	'Pterocles coronatus'	'Crowned sandgrouse'	'Pterocles coronatus'
6590	'Pterocles senegallus'	'Ganga tacheté'	'Pterocles senegallus'
6600	'Pterocles exustus'	'Chestnut-bellied Sandgrouse'	'Pterocles exustus'
6610	'Pterocles orientalis'	'Black-bellied sandgrouse'	'Pterocles orientalis'
6620	'Pterocles alchata'	'Pin-tailed sandgrouse'	'Pterocles alchata'
6630	'Syrrhaptes paradoxus'	'Pallas\'s sandgrouse'	'Syrrhaptes paradoxus'
6640	'Syrrhaptes tibetanus'	'Tibetan Sandgrouse'	'Syrrhaptes tibetanus'
6650	'Columba livia'	'Domestic pigeon'	'Columba livia'
6651	'Columba livia livia'	'Pombo-das-rochas'	'Columba livia livia'
6652	'Columba livia gaddi'	'NA'	'Columba livia gaddi'
6653	'Columba livia neglecta'	'NA'	'Columba livia neglecta'
6654	'Columba livia schimperi'	'NA'	'Columba livia schimperi'
6655	'Columba livia dakhlae'	'NA'	'Columba livia dakhlae'
6656	'Columba livia targia'	'NA'	'Columba livia targia'
6657	'Columba livia domestica'	'Domestic pigeon'	'Columba livia domestica'
6660	'Columba rupestris'	'Hill Pigeon'	'Columba rupestris'
6670	'Columba leuconota'	'Snow pigeon'	'Columba leuconota'
6680	'Columba oenas'	'Stock pigeon'	'Columba oenas'
6690	'Columba eversmanni'	'Pale-backed pigeon'	'Columba eversmanni'
6700	'Columba palumbus'	'Common wood pigeon'	'Columba palumbus'
6710	'Columba trocaz'	'Trocaz pigeon'	'Columba trocaz'
6720	'Columba bollii'	'Bolle\'s Pigeon'	'Columba bollii'
6730	'Columba junoniae'	'Laurel Pigeon'	'Columba junoniae'
6740	'Columba hodgsonii'	'Speckled Wood Pigeon'	'Columba hodgsonii'
6750	'Columba pulchricollis'	'Ashy Wood Pigeon'	'Columba pulchricollis'
6760	'Columba janthina'	'Japanese Wood Pigeon'	'Columba janthina'
6770	'Columba versicolor'	'Bonin Wood Pigeon'	'Columba versicolor'
6780	'Columba jouyi'	'Ryukyu Wood Pigeon'	'Columba jouyi'
6790	'Columba leucocephala'	'NA'	'Columba leucocephala'
6800	'Columba squamosa'	'NA'	'Columba squamosa'
6810	'Columba fasciata'	'band-tailed pigeon'	'Columba fasciata'
6820	'Columba flavirostris'	'red-billed pigeon'	'Columba flavirostris'
6829	'Columba sp.'	'Laurel Pigeon'	'Columba'
6830	'Streptopelia roseogrisea'	'African Collared-Dove'	'Streptopelia roseogrisea'
6831	'Streptopelia risoria f. domest.'	'ringed turtle-dove'	'Streptopelia risoria'
6840	'Streptopelia decaocto'	'Eurasian Collared-Dove'	'Streptopelia decaocto'
6850	'Streptopelia semitorquata'	'Red-eyed Dove'	'Streptopelia semitorquata'
6860	'Streptopelia tranquebarica'	'Red Collared-Dove'	'Streptopelia tranquebarica'
6870	'Streptopelia turtur'	'European turtle dove'	'Streptopelia turtur'
6880	'Streptopelia lugens'	'Dusky Turtle-Dove'	'Streptopelia lugens'
6890	'Streptopelia orientalis'	'Oriental Turtle-Dove'	'Streptopelia orientalis'
6891	'Streptopelia (orientalis) meenae'	'Dusky Turtle-Dove'	'Streptopelia'
6900	'Streptopelia senegalensis'	'Laughing Dove'	'Streptopelia senegalensis'
6901	'Streptopelia senegalensis senegalensis'	'NA'	'Streptopelia senegalensis senegalensis'
6902	'Streptopelia senegalensis phoenicophila'	'NA'	'Streptopelia senegalensis phoenicophila'
6910	'Streptopelia chinensis'	'Barred ground dove'	'Streptopelia chinensis'
6919	'Streptopelia sp.'	'Dusky Turtle-Dove'	'Streptopelia'
6920	'Oena capensis'	'Namaqua Dove'	'Oena capensis'
6930	'Chalcophaps indica'	'Asian Emerald Dove'	'Chalcophaps indica'
6940	'Ectopistes migratorius'	'Passenger pigeon'	'Ectopistes migratorius'
6950	'Zenaida macroura'	'Mourning dove'	'Zenaida macroura'
6960	'Zenaida aurita'	'Zenaida Dove'	'Zenaida aurita'
6970	'Zenaida asiatica'	'White-winged dove'	'Zenaida asiatica'
6980	'Columbigallina passerina'	'NA'	'Columbigallina'
6990	'Scardafella squammata'	'NA'	'Scardafella squammata'
7000	'Leptotila verreauxi'	'White-tipped Dove'	'Leptotila verreauxi'
7010	'Geotrygon chrysia'	'Key West Quail-Dove'	'Geotrygon chrysia'
7020	'Geotrygon montana'	'Ruddy Quail-Dove'	'Geotrygon montana'
7030	'Treron waalia'	'Bruce\'s Green Pigeon'	'Treron waalia'
7040	'Treron sphenura'	'NA'	'Treron sphenura'
7050	'Treron sieboldii'	'White-bellied Green Pigeon'	'Treron sieboldii'
7060	'Treron formosae'	'Whistling Green Pigeon'	'Treron formosae'
7070	'Aratinga holochlora'	'Akałii Bikéyahdę́ę́ʼ tsídii yáłtiʼí chʼilgo dootłʼizhígíí'	'Aratinga holochlora'
7080	'Conuropsis carolinensis'	'Carolina parakeet'	'Conuropsis carolinensis'
7090	'Rhynchopsitta pachyrhyncha'	'Thick-billed parrot'	'Rhynchopsitta pachyrhyncha'
7100	'Rhynchopsitta terrisi'	'Maroon-fronted Parrot'	'Rhynchopsitta terrisi'
7110	'Amazona leucocephala'	'Cuban Amazon'	'Amazona leucocephala'
7120	'Psittacula krameri'	'Rose-ringed Parakeet'	'Psittacula krameri'
7130	'Psittacula derbiana'	'Lord Derby\'s Parakeet'	'Psittacula derbiana'
7140	'Psittacula himalayana'	'Slaty-headed parakeet'	'Psittacula himalayana'
7150	'Clamator jacobinus'	'Jacobin Cuckoo'	'Clamator jacobinus'
7160	'Clamator glandarius'	'Great spotted cuckoo'	'Clamator glandarius'
7170	'Hierococcyx fugax'	'Malaysian Hawk-Cuckoo'	'Hierococcyx fugax'
7180	'Hierococcyx sparverioides'	'Large Hawk-Cuckoo'	'Hierococcyx sparverioides'
7190	'Chrysococcyx maculatus'	'Asian Emerald Cuckoo'	'Chrysococcyx maculatus'
7200	'Chrysococcyx caprius'	'Dideric Cuckoo'	'Chrysococcyx caprius'
7210	'Chrysococcyx klaas'	'Klaas\'s Cuckoo'	'Chrysococcyx klaas'
7220	'Cacomantis merulinus'	'Plaintive Cuckoo'	'Cacomantis merulinus'
7230	'Cuculus micropterus'	'Indian Cuckoo'	'Cuculus micropterus'
7240	'Cuculus canorus'	'Common cuckoo'	'Cuculus canorus'
7250	'Cuculus saturatus'	'Himalayan cuckoo'	'Cuculus saturatus'
7260	'Cuculus poliocephalus'	'Lesser Cuckoo'	'Cuculus poliocephalus'
7270	'Coccyzus erythrophthalmus'	'NA'	'Coccyzus erythrophtalmus'
7280	'Coccyzus americanus'	'Yellow-billed Cuckoo'	'Coccyzus americanus'
7290	'Coccyzus minor'	'Mangrove Cuckoo'	'Coccyzus minor'
7300	'Saurothera merlini'	'Arriero'	'Saurothera merlini'
7310	'Crotophaga ani'	'Pink lady\'s slipper'	'Crotophaga ani'
7320	'Crotophaga sulcirostris'	'Groove-billed Ani'	'Crotophaga sulcirostris'
7330	'Geococcyx californianus'	'Greater Roadrunner'	'Geococcyx californianus'
7340	'Centropus senegalensis'	'Coucal du Sénégal'	'Centropus senegalensis'
7350	'Tyto alba'	'Barn Owl (Sao Tome)'	'Tyto alba'
7351	'Tyto alba alba'	'Common Barn Owl'	'Tyto alba alba'
7352	'Tyto alba guttata'	'NA'	'Tyto alba guttata'
7360	'Otus bakkamoena'	'Little Horned Owl'	'Otus bakkamoena'
7370	'Otus sunia'	'Oriental Scops Owl'	'Otus sunia'
7380	'Otus brucei'	'Pallid scops owl'	'Otus brucei'
7390	'Otus scops'	'Eurasian scops owl'	'Otus scops'
7400	'Otus flammeolus'	'flammulated owl'	'Otus flammeolus'
7410	'Otus asio'	'eastern screech owl'	'Otus asio'
7420	'Otus trichopsis'	'whiskered screech owl'	'Otus trichopsis'
7430	'Bubo virginianus'	'Great horned owl'	'Bubo virginianus'
7440	'Bubo bubo'	'Eagle owl'	'Bubo bubo'
7450	'Bubo africanus'	'Spotted Eagle-Owl'	'Bubo africanus'
7460	'Ketupa blakistoni'	'Blakiston\'s fish owl'	'Ketupa blakistoni'
7470	'Ketupa zeylonensis'	'Brown Fish-Owl'	'Ketupa zeylonensis'
7480	'Ketupa flavipes'	'Tawny Fish Owl'	'Ketupa flavipes'
7490	'Nyctea scandiaca'	'snowy owl'	'Nyctea scandiaca'
7500	'Surnia ulula'	'Northern hawk owl'	'Surnia ulula'
7510	'Glaucidium passerinum'	'Eurasian pygmy owl'	'Glaucidium passerinum'
7520	'Glaucidium gnoma'	'Mountain Pygmy Owl'	'Glaucidium gnoma'
7530	'Glaucidium brasilianum'	'Ferruginous Pygmy-Owl'	'Glaucidium brasilianum'
7540	'Glaucidium brodiei'	'Collared Owlet'	'Glaucidium brodiei'
7550	'Micrathene whitneyi'	'Elf Owl'	'Micrathene whitneyi'
7560	'Ninox scutulata'	'Brown Hawk-Owl'	'Ninox scutulata'
7570	'Athene noctua'	'Little owl'	'Athene noctua'
7580	'Athene brama'	'Spotted owlet'	'Athene brama'
7590	'Athene cunicularia'	'Burrowing Owl'	'Athene cunicularia'
7600	'Strix leptogrammica'	'Brown Wood Owl'	'Strix leptogrammica'
7610	'Strix aluco'	'Tawny owl'	'Strix aluco'
7620	'Strix butleri'	'Chouette de Butler'	'Strix butleri'
7630	'Strix varia'	'Barred owl'	'Strix varia'
7640	'Strix occidentalis'	'Spotted Owl'	'Strix occidentalis'
7650	'Strix uralensis'	'Ural owl'	'Strix uralensis'
7660	'Strix nebulosa'	'Great grey owl'	'Strix nebulosa'
7669	'Strix sp.'	'Huhurez'	'Strix'
7670	'Asio otus'	'Long-eared Owl'	'Asio otus'
7680	'Asio flammeus'	'Short-eared Owl'	'Asio flammeus'
7690	'Asio capensis'	'Marsh Owl'	'Asio capensis'
7700	'Aegolius funereus'	'Boreal owl'	'Aegolius funereus'
7710	'Aegolius acadicus'	'Northern Saw-whet Owl'	'Aegolius acadicus'
7719	'Strigidae'	'Eigentliche Eulen'	'Strigidae'
7720	'Caprimulgus inornatus'	'Plain Nightjar'	'Caprimulgus inornatus'
7730	'Caprimulgus nubicus'	'Nubian nightjar'	'Caprimulgus nubicus'
7740	'Caprimulgus centralasicus'	'Vaurie\'s Nightjar'	'Caprimulgus centralasicus'
7750	'Caprimulgus mahrattensis'	'Sykes\'s Nightjar'	'Caprimulgus mahrattensis'
7760	'Caprimulgus asiaticus'	'Indian Nightjar'	'Caprimulgus asiaticus'
7770	'Caprimulgus indicus'	'Jungle Nightjar'	'Caprimulgus indicus'
7780	'Caprimulgus europaeus'	'Eurasian nightjar'	'Caprimulgus europaeus'
7790	'Caprimulgus ruficollis'	'Red-necked Nightjar'	'Caprimulgus ruficollis'
7800	'Caprimulgus eximius'	'Golden Nightjar'	'Caprimulgus eximius'
7810	'Caprimulgus aegyptius'	'Egyptian Nightjar'	'Caprimulgus aegyptius'
7820	'Caprimulgus carolinensis'	'Chuck-will\'s widow'	'Caprimulgus carolinensis'
7830	'Caprimulgus vociferus'	'Jungle Nightjar'	'Caprimulgus'
7839	'Caprimulgus spp.'	'Jungle Nightjar'	'Caprimulgus'
7840	'Phalaenoptilus nuttallii'	'Common poorwill'	'Phalaenoptilus nuttallii'
7850	'Nyctidromus albicollis'	'Common Pauraque'	'Nyctidromus albicollis'
7860	'Chordeiles minor'	'Common nighthawk'	'Chordeiles minor'
7870	'Chordeiles acutipennis'	'Lesser Nighthawk'	'Chordeiles acutipennis'
7880	'Cypseloides niger'	'Black Swift'	'Cypseloides niger'
7890	'Collocalia brevirostris'	'Kolokalio'	'Collocalia'
7900	'Chaetura pelagica'	'Chiimney swift'	'Chaetura pelagica'
7910	'Chaetura vauxi'	'Vaux\'s Swift'	'Chaetura vauxi'
7920	'Hirundapus caudacutus'	'White-throated Needletail'	'Hirundapus caudacutus'
7930	'Apus alexandri'	'Cape Verde Swift'	'Apus alexandri'
7940	'Apus unicolor'	'Plain swift'	'Apus unicolor'
7950	'Apus apus'	'Common swift'	'Apus apus'
7960	'Apus pallidus'	'Pallid Swift'	'Apus pallidus'
7970	'Apus pacificus'	'Pacific Swift'	'Apus pacificus'
7980	'Apus melba'	'Alpine swift'	'Apus melba'
7990	'Apus caffer'	'White-rumped Swift'	'Apus caffer'
8000	'Apus affinis'	'Little Swift'	'Apus affinis'
8009	'Apus spp.'	'Common swift'	'Apus'
8010	'Aeronautes saxatilis'	'White-throated Swift'	'Aeronautes saxatalis'
8020	'Cypsiurus parvus'	'African Palm-Swift'	'Cypsiurus parvus'
8030	'Chlorostilbon ricordii'	'Cuban Emerald'	'Chlorostilbon ricordii'
8040	'Cynanthus latirostris'	'Broad-billed Hummingbird'	'Cynanthus latirostris'
8050	'Hylocharis xantusii'	'Xantus\'s hummingbird'	'Hylocharis xantusii'
8060	'Hylocharis leucotis'	'White-eared Hummingbird'	'Hylocharis leucotis'
8070	'Amazilia beryllina'	'Berylline Hummingbird'	'Amazilia beryllina'
8080	'Amazilia yucatanensis'	'Buff-bellied Hummingbird'	'Amazilia yucatanensis'
8090	'Amazilia tzacatl'	'Rufous-tailed Hummingbird'	'Amazilia tzacatl'
8100	'Amazilia violiceps'	'Violet-crowned Hummingbird'	'Amazilia violiceps'
8110	'Lampornis clemenciae'	'Blue-throated hummingbird'	'Lampornis clemenciae'
8120	'Eugenes fulgens'	'Rivoli\'s Hummingbird'	'Eugenes fulgens'
8130	'Calliphlox evelynae'	'Bahama Woodstar'	'Calliphlox evelynae'
8140	'Calothorax lucifer'	'Lucifer Sheartail'	'Calothorax lucifer'
8150	'Archilochus colubris'	'Ruby-throated hummingbird'	'Archilochus colubris'
8160	'Archilochus alexandri'	'Black-chinned Hummingbird'	'Archilochus alexandri'
8170	'Archilochus costae'	'Rubiinikurkkukolibrit'	'Archilochus'
8180	'Archilochus anna'	'Rubiinikurkkukolibrit'	'Archilochus'
8190	'Stellula calliope'	'Calliope Hummingbird'	'Stellula calliope'
8200	'Atthis heloisa'	'Bumblebee Hummingbird'	'Atthis heloisa'
8210	'Selasphorus platycercus'	'Broad-tailed Hummingbird'	'Selasphorus platycercus'
8220	'Selasphorus rufus'	'Rufous hummingbird'	'Selasphorus rufus'
8230	'Selasphorus sasin'	'Allen\'s Hummingbird'	'Selasphorus sasin'
8240	'Trogon mexicanus'	'Mountain Trogon'	'Trogon mexicanus'
8250	'Trogon elegans'	'Elegant Trogon'	'Trogon elegans'
8260	'Halcyon coromanda'	'Ruddy Kingfisher'	'Halcyon coromanda'
8270	'Halcyon smyrnensis'	'Smyrna kingfisher'	'Halcyon smyrnensis'
8280	'Halcyon pileata'	'Black-capped Kingfisher'	'Halcyon pileata'
8290	'Halcyon leucocephala'	'Gray-headed Kingfisher'	'Halcyon leucocephala'
8300	'Halcyon miyakoensis'	'Alciono'	'Halcyon'
8310	'Alcedo atthis'	'Common kingfisher'	'Alcedo atthis'
8320	'Chloroceryle americana'	'Green Kingfisher'	'Chloroceryle americana'
8330	'Ceryle rudis'	'Pied Kingfisher'	'Ceryle rudis'
8340	'Ceryle alcyon'	'Martín pescador, martín pescador norteño'	'Ceryle alcyon'
8350	'Ceryle torquata'	'Martín pescador, martín pescador collarejo'	'Ceryle torquata'
8360	'Ceryle lugubris'	'Pied Kingfisher'	'Ceryle'
8370	'Merops albicollis'	'White-throated Bee-eater'	'Merops albicollis'
8380	'Merops orientalis'	'Green Bee-eater'	'Merops orientalis'
8390	'Merops superciliosus'	'Madagascar Bee-eater'	'Merops superciliosus'
8391	'Merops superciliosus superciliosus'	'NA'	'Merops superciliosus superciliosus'
8392	'Merops superciliosus chrysocercus'	'Madagascar Bee-eater'	'Merops superciliosus'
8393	'Merops superciliosus persicus'	'Madagascar Bee-eater'	'Merops superciliosus'
8400	'Merops apiaster'	'European bee-eater'	'Merops apiaster'
8410	'Coracias garrulus'	'European roller'	'Coracias garrulus'
8420	'Coracias abyssinicus'	'Abyssinian Roller'	'Coracias abyssinicus'
8430	'Coracias benghalensis'	'Indian Roller'	'Coracias benghalensis'
8440	'Eurystomus glaucurus'	'Broad-billed Roller'	'Eurystomus glaucurus'
8450	'Eurystomus orientalis'	'Dollarbird'	'Eurystomus orientalis'
8460	'Upupa epops'	'Eurasian hoopoe'	'Upupa epops'
8461	'Upupa epops epops'	'Eurasian Hoopoe'	'Upupa epops epops'
8462	'Upupa epops ceylonensis'	'NA'	'Upupa epops ceylonensis'
8463	'Upupa epops longirostris'	'NA'	'Upupa epops longirostris'
8464	'Upupa epops major'	'NA'	'Upupa epops major'
8465	'Upupa epops senegalensis'	'NA'	'Upupa epops senegalensis'
8466	'Upupa epops waibeli'	'NA'	'Upupa epops waibeli'
8467	'Upupa epops africana'	'NA'	'Upupa epops africana'
8468	'Upupa epops marginata'	'Copog Madagasgar'	'Upupa epops marginata'
8470	'Tockus nasutus'	'NA'	'Tockus nasutus'
8480	'Jynx torquilla'	'Eurasian Wryneck'	'Jynx torquilla'
8481	'Jynx torquilla torquilla'	'NA'	'Jynx torquilla torquilla'
8482	'Jynx torquilla tschusii'	'NA'	'Jynx torquilla tschusii'
8483	'Jynx torquilla sarudnyi'	'NA'	'Jynx torquilla sarudnyi'
8484	'Jynx torquilla chinensis'	'NA'	'Jynx torquilla chinensis'
8485	'Jynx torquilla himalayana'	'NA'	'Jynx torquilla himalayana'
8486	'Jynx torquilla mauretanica'	'NA'	'Jynx torquilla mauretanica'
8490	'Picumnus innominatus'	'Speckled Piculet'	'Picumnus innominatus'
8500	'Colaptes auratus'	'Northern flicker'	'Colaptes auratus'
8510	'Colaptes cafer'	'NA'	'Colaptes cafer'
8520	'Colaptes chrysoides'	'gilded flicker'	'Colaptes chrysoides'
8530	'Picus chlorolophus'	'Lesser Yellownape'	'Picus chlorolophus'
8540	'Picus flavinucha'	'NA'	'Picus flavinucha'
8550	'Picus canus'	'Grey-faced woodpecker'	'Picus canus'
8560	'Picus viridis'	'Eurasian green woodpecker'	'Picus viridis'
8561	'Picus viridis viridis'	'NA'	'Picus viridis viridis'
8562	'Picus viridis sharpei'	'NA'	'Picus viridis sharpei'
8570	'Picus vaillantii'	'Levaillant\'s Woodpecker'	'Picus vaillantii'
8580	'Picus awokera'	'Japanese Green Woodpecker'	'Picus awokera'
8590	'Picus squamatus'	'Scaly-bellied woodpecker'	'Picus squamatus'
8600	'Sapheopipo noguchii'	'Okinawa Woodpecker'	'Sapheopipo noguchii'
8610	'Dinopium benghalense'	'Black-rumped Flameback'	'Dinopium benghalense'
8620	'Dryocopus pileatus'	'Pileated Woodpecker'	'Dryocopus pileatus'
8630	'Dryocopus martius'	'Black woodpecker'	'Dryocopus martius'
8640	'Dryocopus javensis'	'White-bellied Woodpecker'	'Dryocopus javensis'
8650	'Centurus carolinus'	'NA'	'Centurus carolinus'
8660	'Centurus aurifrons'	'NA'	'Centurus aurifrons'
8670	'Centurus uropygialis'	'NA'	'Centurus uropygialis'
8680	'Centurus superciliaris'	'NA'	'Centurus'
8690	'Melanerpes erythrocephalus'	'Red-headed Woodpecker'	'Melanerpes erythrocephalus'
8700	'Melanerpes formicivorus'	'Acorn Woodpecker'	'Melanerpes formicivorus'
8710	'Asyndesmus lewis'	'NA'	'Asyndesmus lewis'
8720	'Sphyrapicus varius'	'Yellow-bellied sapsucker'	'Sphyrapicus varius'
8730	'Sphyrapicus nuchalis'	'Red-naped Sapsucker'	'Sphyrapicus nuchalis'
8740	'Sphyrapicus ruber'	'Red-breasted Sapsucker'	'Sphyrapicus ruber'
8750	'Sphyrapicus thyroideus'	'Williamson\'s Sapsucker'	'Sphyrapicus thyroideus'
8760	'Dendrocopos major'	'Great Spotted Woodpecker'	'Dendrocopos major'
8761	'Dendrocopos major major'	'NA'	'Dendrocopos major major'
8770	'Dendrocopos leucopterus'	'White-winged woodpecker'	'Dendrocopos leucopterus'
8780	'Dendrocopos syriacus'	'Syrian Woodpecker'	'Dendrocopos syriacus'
8790	'Dendrocopos assimilis'	'Sind Woodpecker'	'Dendrocopos assimilis'
8800	'Dendrocopos himalayensis'	'Himalayan Woodpecker'	'Dendrocopos himalayensis'
8810	'Dendrocopos darjellensis'	'Darjeeling Woodpecker'	'Dendrocopos darjellensis'
8820	'Dendrocopos cathpharius'	'NA'	'Dendrocopos cathpharius'
8830	'Dendrocopos medius'	'Middle spotted woodpecker'	'Dendrocopos medius'
8840	'Dendrocopos leucotos'	'White-backed woodpecker'	'Dendrocopos leucotos'
8850	'Dendrocopos hyperythrus'	'Rufous-bellied Woodpecker'	'Dendrocopos hyperythrus'
8860	'Dendrocopos auriceps'	'Brown-fronted woodpecker'	'Dendrocopos auriceps'
8870	'Dendrocopos minor'	'Lesser spotted woodpecker'	'Dendrocopos minor'
8880	'Dendrocopos canicapillus'	'Gray-capped Woodpecker'	'Dendrocopos canicapillus'
8890	'Dendrocopos kizuki'	'NA'	'Dendrocopos kizuki'
8900	'Dendrocopos dorae'	'Arabian woodpecker'	'Dendrocopos dorae'
8910	'Dendrocopos scalaris'	'NA'	'Dendrocopos scalaris'
8920	'Dendrocopos nuttallii'	'NA'	'Dendrocopos nuttallii'
8930	'Dendrocopos pubescens'	'NA'	'Dendrocopos pubescens'
8940	'Dendrocopos borealis'	'NA'	'Dendrocopos borealis'
8950	'Dendrocopos arizonae'	'NA'	'Dendrocopos arizonae'
8960	'Dendrocopos villosus'	'NA'	'Dendrocopos villosus'
8970	'Dendrocopos albolarvatus'	'NA'	'Dendrocopos albolarvatus'
8979	'Dendrocopos sp.'	'Asnegnag'	'Dendrocopos'
8980	'Dendrocopos tridactylus'	'Asnegnag'	'Dendrocopos'
8990	'Dendrocopos arcticus'	'Asnegnag'	'Dendrocopos'
9000	'Campephilus principalis'	'Ivory-billed Woodpecker'	'Campephilus principalis'
9010	'Campephilus imperialis'	'Imperial Woodpecker'	'Campephilus imperialis'
9020	'Xiphorhynchus flavigaster'	'Ivory-billed Woodcreeper'	'Xiphorhynchus flavigaster'
9030	'Lepidocolaptes leucogaster'	'White-striped Woodcreeper'	'Lepidocolaptes leucogaster'
9040	'Pachyramphus aglaiae'	'Rose-throated Becard'	'Pachyramphus aglaiae'
9050	'Tityra semifasciata'	'Masked Tityra'	'Tityra semifasciata'
9060	'Myiopagis viridicata'	'Elainia verdosa'	'Myiopagis viridicata'
9070	'Elaenia martinica'	'Caribbean Elaenia'	'Elaenia martinica'
9080	'Camptostoma imberbe'	'Mosquerito chillón'	'Camptostoma imberbe'
9090	'Sayornis phoebe'	'Eastern Phoebe'	'Sayornis phoebe'
9100	'Sayornis nigricans'	'Black Phoebe'	'Sayornis nigricans'
9110	'Sayornis saya'	'Say\'s Phoebe'	'Sayornis saya'
9120	'Pyrocephalus rubinus'	'Moucherolle Rubin'	'Pyrocephalus rubinus'
9130	'Empidonax flaviventris'	'Yellow-bellied flycatcher'	'Empidonax flaviventris'
9140	'Empidonax virescens'	'Acadian flycatcher'	'Empidonax virescens'
9150	'Empidonax minimus'	'Least flycatcher'	'Empidonax minimus'
9160	'Empidonax hammondii'	'Hammond\'s Flycatcher'	'Empidonax hammondii'
9170	'Empidonax oberholseri'	'Dusky Flycatcher'	'Empidonax oberholseri'
9180	'Empidonax wrightii'	'Gray Flycatcher'	'Empidonax wrightii'
9190	'Empidonax affinis'	'Pine Flycatcher'	'Empidonax affinis'
9200	'Empidonax difficilis'	'Pacific-slope Flycatcher'	'Empidonax difficilis'
9210	'Empidonax albigularis'	'Mosquerito gargantiblanco'	'Empidonax albigularis'
9220	'Empidonax traillii'	'Willow Flycatcher'	'Empidonax traillii'
9230	'Empidonax alnorum'	'Alder Flycatcher'	'Empidonax alnorum'
9240	'Empidonax fulvifrons'	'Buff-breasted Flycatcher'	'Empidonax fulvifrons'
9250	'Xenotriccus mexicanus'	'Pileated Flycatcher'	'Xenotriccus mexicanus'
9260	'Mitrephanes phaeocercus'	'Tufted Flycatcher'	'Mitrephanes phaeocercus'
9270	'Contopus caribaeus'	'Cuban Pewee'	'Contopus caribaeus'
9280	'Contopus pertinax'	'Greater Pewee'	'Contopus pertinax'
9290	'Contopus sordidulus'	'Western Wood-Pewee'	'Contopus sordidulus'
9300	'Contopus virens'	'Eastern Wood-Pewee'	'Contopus virens'
9310	'Contopus borealis'	'NA'	'Contopus borealis'
9320	'Myiarchus tuberculifer'	'Dusky-capped Flycatcher'	'Myiarchus tuberculifer'
9330	'Myiarchus nuttingi'	'Copetón de Nutting'	'Myiarchus nuttingi'
9340	'Myiarchus cinerascens'	'Ash-throated Flycatcher'	'Myiarchus cinerascens'
9350	'Myiarchus stolidus'	'Stolid Flycatcher'	'Myiarchus stolidus'
9360	'Myiarchus tyrannulus'	'Brown-crested Flycatcher'	'Myiarchus tyrannulus'
9370	'Myiarchus crinitus'	'Great Crested Flycatcher'	'Myiarchus crinitus'
9380	'Myiodynastes luteiventris'	'Pecho amarillo, mosquero vientriazufrado'	'Myiodynastes luteiventris'
9390	'Myiozetetes similis'	'Social Flycatcher'	'Myiozetetes similis'
9400	'Pitangus sulphuratus'	'Great kiskadee'	'Pitangus sulphuratus'
9410	'Tyrannus vociferans'	'Cassin\'s Kingbird'	'Tyrannus vociferans'
